TYPMAR3;REGDEP_MAR;GRAGE;NBMARIES
HF-F;1175;14_19;28
HF-F;1175;20_24;530
HF-F;1175;25_29;2163
HF-F;1175;30_34;2325
HF-F;1175;35_39;939
HF-F;1175;40_49;670
HF-F;1175;50_59;273
HF-F;1175;60_PL;141
HF-F;1177;14_19;11
HF-F;1177;20_24;388
HF-F;1177;25_29;1143
HF-F;1177;30_34;1014
HF-F;1177;35_39;609
HF-F;1177;40_49;546
HF-F;1177;50_59;214
HF-F;1177;60_PL;42
HF-F;1178;14_19;17
HF-F;1178;20_24;387
HF-F;1178;25_29;1200
HF-F;1178;30_34;984
HF-F;1178;35_39;492
HF-F;1178;40_49;484
HF-F;1178;50_59;199
HF-F;1178;60_PL;59
HF-F;1191;14_19;29
HF-F;1191;20_24;383
HF-F;1191;25_29;973
HF-F;1191;30_34;756
HF-F;1191;35_39;506
HF-F;1191;40_49;398
HF-F;1191;50_59;172
HF-F;1191;60_PL;46
HF-F;1192;14_19;16
HF-F;1192;20_24;400
HF-F;1192;25_29;1565
HF-F;1192;30_34;1333
HF-F;1192;35_39;560
HF-F;1192;40_49;485
HF-F;1192;50_59;178
HF-F;1192;60_PL;68
HF-F;1193;14_19;46
HF-F;1193;20_24;919
HF-F;1193;25_29;1485
HF-F;1193;30_34;894
HF-F;1193;35_39;463
HF-F;1193;40_49;445
HF-F;1193;50_59;182
HF-F;1193;60_PL;58
HF-F;1194;14_19;36
HF-F;1194;20_24;464
HF-F;1194;25_29;1287
HF-F;1194;30_34;855
HF-F;1194;35_39;449
HF-F;1194;40_49;412
HF-F;1194;50_59;165
HF-F;1194;60_PL;57
HF-F;1195;14_19;35
HF-F;1195;20_24;510
HF-F;1195;25_29;1170
HF-F;1195;30_34;793
HF-F;1195;35_39;485
HF-F;1195;40_49;427
HF-F;1195;50_59;164
HF-F;1195;60_PL;57
HF-F;2418;14_19;3
HF-F;2418;20_24;44
HF-F;2418;25_29;194
HF-F;2418;30_34;189
HF-F;2418;35_39;119
HF-F;2418;40_49;102
HF-F;2418;50_59;44
HF-F;2418;60_PL;9
HF-F;2428;14_19;4
HF-F;2428;20_24;99
HF-F;2428;25_29;275
HF-F;2428;30_34;272
HF-F;2428;35_39;145
HF-F;2428;40_49;138
HF-F;2428;50_59;74
HF-F;2428;60_PL;13
HF-F;2436;14_19;5
HF-F;2436;20_24;33
HF-F;2436;25_29;116
HF-F;2436;30_34;113
HF-F;2436;35_39;87
HF-F;2436;40_49;83
HF-F;2436;50_59;53
HF-F;2436;60_PL;16
HF-F;2437;14_19;8
HF-F;2437;20_24;132
HF-F;2437;25_29;392
HF-F;2437;30_34;429
HF-F;2437;35_39;259
HF-F;2437;40_49;244
HF-F;2437;50_59;102
HF-F;2437;60_PL;25
HF-F;2441;14_19;4
HF-F;2441;20_24;74
HF-F;2441;25_29;206
HF-F;2441;30_34;191
HF-F;2441;35_39;119
HF-F;2441;40_49;120
HF-F;2441;50_59;53
HF-F;2441;60_PL;20
HF-F;2445;14_19;16
HF-F;2445;20_24;201
HF-F;2445;25_29;471
HF-F;2445;30_34;438
HF-F;2445;35_39;252
HF-F;2445;40_49;209
HF-F;2445;50_59;109
HF-F;2445;60_PL;27
HF-F;2721;14_19;6
HF-F;2721;20_24;120
HF-F;2721;25_29;418
HF-F;2721;30_34;389
HF-F;2721;35_39;201
HF-F;2721;40_49;177
HF-F;2721;50_59;72
HF-F;2721;60_PL;27
HF-F;2725;14_19;10
HF-F;2725;20_24;169
HF-F;2725;25_29;417
HF-F;2725;30_34;365
HF-F;2725;35_39;224
HF-F;2725;40_49;156
HF-F;2725;50_59;65
HF-F;2725;60_PL;15
HF-F;2739;14_19;3
HF-F;2739;20_24;84
HF-F;2739;25_29;198
HF-F;2739;30_34;178
HF-F;2739;35_39;103
HF-F;2739;40_49;83
HF-F;2739;50_59;40
HF-F;2739;60_PL;12
HF-F;2758;14_19;1
HF-F;2758;20_24;34
HF-F;2758;25_29;90
HF-F;2758;30_34;107
HF-F;2758;35_39;92
HF-F;2758;40_49;80
HF-F;2758;50_59;29
HF-F;2758;60_PL;16
HF-F;2770;14_19;4
HF-F;2770;20_24;62
HF-F;2770;25_29;153
HF-F;2770;30_34;155
HF-F;2770;35_39;85
HF-F;2770;40_49;84
HF-F;2770;50_59;41
HF-F;2770;60_PL;8
HF-F;2771;14_19;4
HF-F;2771;20_24;146
HF-F;2771;25_29;379
HF-F;2771;30_34;383
HF-F;2771;35_39;215
HF-F;2771;40_49;160
HF-F;2771;50_59;84
HF-F;2771;60_PL;17
HF-F;2789;14_19;5
HF-F;2789;20_24;80
HF-F;2789;25_29;227
HF-F;2789;30_34;220
HF-F;2789;35_39;141
HF-F;2789;40_49;123
HF-F;2789;50_59;55
HF-F;2789;60_PL;28
HF-F;2790;14_19;1
HF-F;2790;20_24;66
HF-F;2790;25_29;107
HF-F;2790;30_34;84
HF-F;2790;35_39;54
HF-F;2790;40_49;41
HF-F;2790;50_59;17
HF-F;2790;60_PL;7
HF-F;2814;14_19;7
HF-F;2814;20_24;117
HF-F;2814;25_29;511
HF-F;2814;30_34;532
HF-F;2814;35_39;301
HF-F;2814;40_49;279
HF-F;2814;50_59;118
HF-F;2814;60_PL;23
HF-F;2827;14_19;4
HF-F;2827;20_24;126
HF-F;2827;25_29;447
HF-F;2827;30_34;460
HF-F;2827;35_39;280
HF-F;2827;40_49;276
HF-F;2827;50_59;132
HF-F;2827;60_PL;38
HF-F;2850;14_19;6
HF-F;2850;20_24;74
HF-F;2850;25_29;352
HF-F;2850;30_34;390
HF-F;2850;35_39;195
HF-F;2850;40_49;184
HF-F;2850;50_59;82
HF-F;2850;60_PL;19
HF-F;2861;14_19;4
HF-F;2861;20_24;41
HF-F;2861;25_29;195
HF-F;2861;30_34;198
HF-F;2861;35_39;100
HF-F;2861;40_49;89
HF-F;2861;50_59;58
HF-F;2861;60_PL;6
HF-F;2876;14_19;26
HF-F;2876;20_24;350
HF-F;2876;25_29;957
HF-F;2876;30_34;846
HF-F;2876;35_39;531
HF-F;2876;40_49;420
HF-F;2876;50_59;203
HF-F;2876;60_PL;54
HF-F;3202;14_19;7
HF-F;3202;20_24;105
HF-F;3202;25_29;426
HF-F;3202;30_34;373
HF-F;3202;35_39;203
HF-F;3202;40_49;210
HF-F;3202;50_59;96
HF-F;3202;60_PL;27
HF-F;3259;14_19;53
HF-F;3259;20_24;861
HF-F;3259;25_29;2316
HF-F;3259;30_34;1769
HF-F;3259;35_39;970
HF-F;3259;40_49;821
HF-F;3259;50_59;251
HF-F;3259;60_PL;63
HF-F;3260;14_19;15
HF-F;3260;20_24;204
HF-F;3260;25_29;636
HF-F;3260;30_34;568
HF-F;3260;35_39;317
HF-F;3260;40_49;292
HF-F;3260;50_59;127
HF-F;3260;60_PL;40
HF-F;3262;14_19;15
HF-F;3262;20_24;356
HF-F;3262;25_29;1145
HF-F;3262;30_34;1018
HF-F;3262;35_39;595
HF-F;3262;40_49;481
HF-F;3262;50_59;166
HF-F;3262;60_PL;37
HF-F;3280;14_19;8
HF-F;3280;20_24;132
HF-F;3280;25_29;390
HF-F;3280;30_34;341
HF-F;3280;35_39;204
HF-F;3280;40_49;188
HF-F;3280;50_59;98
HF-F;3280;60_PL;21
HF-F;4408;14_19;3
HF-F;4408;20_24;61
HF-F;4408;25_29;208
HF-F;4408;30_34;198
HF-F;4408;35_39;84
HF-F;4408;40_49;97
HF-F;4408;50_59;36
HF-F;4408;60_PL;9
HF-F;4410;14_19;6
HF-F;4410;20_24;62
HF-F;4410;25_29;236
HF-F;4410;30_34;198
HF-F;4410;35_39;99
HF-F;4410;40_49;116
HF-F;4410;50_59;44
HF-F;4410;60_PL;15
HF-F;4451;14_19;9
HF-F;4451;20_24;140
HF-F;4451;25_29;423
HF-F;4451;30_34;359
HF-F;4451;35_39;214
HF-F;4451;40_49;175
HF-F;4451;50_59;72
HF-F;4451;60_PL;21
HF-F;4452;14_19;3
HF-F;4452;20_24;45
HF-F;4452;25_29;116
HF-F;4452;30_34;111
HF-F;4452;35_39;54
HF-F;4452;40_49;61
HF-F;4452;50_59;22
HF-F;4452;60_PL;9
HF-F;4454;14_19;13
HF-F;4454;20_24;167
HF-F;4454;25_29;529
HF-F;4454;30_34;487
HF-F;4454;35_39;289
HF-F;4454;40_49;259
HF-F;4454;50_59;100
HF-F;4454;60_PL;27
HF-F;4455;14_19;0
HF-F;4455;20_24;24
HF-F;4455;25_29;129
HF-F;4455;30_34;132
HF-F;4455;35_39;90
HF-F;4455;40_49;62
HF-F;4455;50_59;40
HF-F;4455;60_PL;5
HF-F;4457;14_19;13
HF-F;4457;20_24;318
HF-F;4457;25_29;904
HF-F;4457;30_34;727
HF-F;4457;35_39;410
HF-F;4457;40_49;316
HF-F;4457;50_59;125
HF-F;4457;60_PL;29
HF-F;4467;14_19;23
HF-F;4467;20_24;458
HF-F;4467;25_29;1076
HF-F;4467;30_34;833
HF-F;4467;35_39;430
HF-F;4467;40_49;317
HF-F;4467;50_59;122
HF-F;4467;60_PL;39
HF-F;4468;14_19;20
HF-F;4468;20_24;312
HF-F;4468;25_29;647
HF-F;4468;30_34;521
HF-F;4468;35_39;293
HF-F;4468;40_49;237
HF-F;4468;50_59;83
HF-F;4468;60_PL;26
HF-F;4488;14_19;2
HF-F;4488;20_24;88
HF-F;4488;25_29;243
HF-F;4488;30_34;246
HF-F;4488;35_39;157
HF-F;4488;40_49;116
HF-F;4488;50_59;80
HF-F;4488;60_PL;16
HF-F;5244;14_19;16
HF-F;5244;20_24;228
HF-F;5244;25_29;969
HF-F;5244;30_34;1017
HF-F;5244;35_39;683
HF-F;5244;40_49;547
HF-F;5244;50_59;188
HF-F;5244;60_PL;29
HF-F;5249;14_19;5
HF-F;5249;20_24;150
HF-F;5249;25_29;570
HF-F;5249;30_34;554
HF-F;5249;35_39;323
HF-F;5249;40_49;262
HF-F;5249;50_59;111
HF-F;5249;60_PL;24
HF-F;5253;14_19;1
HF-F;5253;20_24;51
HF-F;5253;25_29;239
HF-F;5253;30_34;243
HF-F;5253;35_39;116
HF-F;5253;40_49;101
HF-F;5253;50_59;52
HF-F;5253;60_PL;13
HF-F;5272;14_19;3
HF-F;5272;20_24;108
HF-F;5272;25_29;357
HF-F;5272;30_34;407
HF-F;5272;35_39;219
HF-F;5272;40_49;204
HF-F;5272;50_59;96
HF-F;5272;60_PL;31
HF-F;5285;14_19;1
HF-F;5285;20_24;93
HF-F;5285;25_29;461
HF-F;5285;30_34;540
HF-F;5285;35_39;325
HF-F;5285;40_49;251
HF-F;5285;50_59;97
HF-F;5285;60_PL;33
HF-F;5322;14_19;2
HF-F;5322;20_24;86
HF-F;5322;25_29;397
HF-F;5322;30_34;416
HF-F;5322;35_39;271
HF-F;5322;40_49;220
HF-F;5322;50_59;106
HF-F;5322;60_PL;21
HF-F;5329;14_19;9
HF-F;5329;20_24;126
HF-F;5329;25_29;528
HF-F;5329;30_34;626
HF-F;5329;35_39;387
HF-F;5329;40_49;310
HF-F;5329;50_59;127
HF-F;5329;60_PL;33
HF-F;5335;14_19;9
HF-F;5335;20_24;164
HF-F;5335;25_29;695
HF-F;5335;30_34;722
HF-F;5335;35_39;436
HF-F;5335;40_49;361
HF-F;5335;50_59;140
HF-F;5335;60_PL;45
HF-F;5356;14_19;5
HF-F;5356;20_24;106
HF-F;5356;25_29;539
HF-F;5356;30_34;611
HF-F;5356;35_39;309
HF-F;5356;40_49;319
HF-F;5356;50_59;123
HF-F;5356;60_PL;29
HF-F;7516;14_19;5
HF-F;7516;20_24;53
HF-F;7516;25_29;193
HF-F;7516;30_34;239
HF-F;7516;35_39;159
HF-F;7516;40_49;111
HF-F;7516;50_59;64
HF-F;7516;60_PL;13
HF-F;7517;14_19;7
HF-F;7517;20_24;87
HF-F;7517;25_29;383
HF-F;7517;30_34;475
HF-F;7517;35_39;289
HF-F;7517;40_49;296
HF-F;7517;50_59;155
HF-F;7517;60_PL;57
HF-F;7519;14_19;1
HF-F;7519;20_24;39
HF-F;7519;25_29;119
HF-F;7519;30_34;153
HF-F;7519;35_39;78
HF-F;7519;40_49;79
HF-F;7519;50_59;38
HF-F;7519;60_PL;9
HF-F;7523;14_19;2
HF-F;7523;20_24;16
HF-F;7523;25_29;57
HF-F;7523;30_34;60
HF-F;7523;35_39;37
HF-F;7523;40_49;33
HF-F;7523;50_59;22
HF-F;7523;60_PL;4
HF-F;7524;14_19;3
HF-F;7524;20_24;73
HF-F;7524;25_29;256
HF-F;7524;30_34;274
HF-F;7524;35_39;166
HF-F;7524;40_49;170
HF-F;7524;50_59;98
HF-F;7524;60_PL;37
HF-F;7533;14_19;17
HF-F;7533;20_24;305
HF-F;7533;25_29;1074
HF-F;7533;30_34;1182
HF-F;7533;35_39;699
HF-F;7533;40_49;667
HF-F;7533;50_59;274
HF-F;7533;60_PL;91
HF-F;7540;14_19;1
HF-F;7540;20_24;53
HF-F;7540;25_29;238
HF-F;7540;30_34;297
HF-F;7540;35_39;185
HF-F;7540;40_49;161
HF-F;7540;50_59;78
HF-F;7540;60_PL;16
HF-F;7547;14_19;5
HF-F;7547;20_24;68
HF-F;7547;25_29;194
HF-F;7547;30_34;228
HF-F;7547;35_39;128
HF-F;7547;40_49;116
HF-F;7547;50_59;51
HF-F;7547;60_PL;14
HF-F;7564;14_19;10
HF-F;7564;20_24;89
HF-F;7564;25_29;400
HF-F;7564;30_34;487
HF-F;7564;35_39;288
HF-F;7564;40_49;242
HF-F;7564;50_59;98
HF-F;7564;60_PL;27
HF-F;7579;14_19;4
HF-F;7579;20_24;65
HF-F;7579;25_29;194
HF-F;7579;30_34;204
HF-F;7579;35_39;155
HF-F;7579;40_49;127
HF-F;7579;50_59;55
HF-F;7579;60_PL;15
HF-F;7586;14_19;4
HF-F;7586;20_24;84
HF-F;7586;25_29;256
HF-F;7586;30_34;274
HF-F;7586;35_39;158
HF-F;7586;40_49;161
HF-F;7586;50_59;66
HF-F;7586;60_PL;19
HF-F;7587;14_19;7
HF-F;7587;20_24;63
HF-F;7587;25_29;186
HF-F;7587;30_34;230
HF-F;7587;35_39;138
HF-F;7587;40_49;145
HF-F;7587;50_59;48
HF-F;7587;60_PL;8
HF-F;7609;14_19;3
HF-F;7609;20_24;29
HF-F;7609;25_29;88
HF-F;7609;30_34;86
HF-F;7609;35_39;52
HF-F;7609;40_49;55
HF-F;7609;50_59;38
HF-F;7609;60_PL;12
HF-F;7611;14_19;4
HF-F;7611;20_24;85
HF-F;7611;25_29;216
HF-F;7611;30_34;222
HF-F;7611;35_39;157
HF-F;7611;40_49;175
HF-F;7611;50_59;70
HF-F;7611;60_PL;16
HF-F;7612;14_19;5
HF-F;7612;20_24;41
HF-F;7612;25_29;180
HF-F;7612;30_34;201
HF-F;7612;35_39;107
HF-F;7612;40_49;90
HF-F;7612;50_59;44
HF-F;7612;60_PL;11
HF-F;7630;14_19;19
HF-F;7630;20_24;263
HF-F;7630;25_29;545
HF-F;7630;30_34;516
HF-F;7630;35_39;305
HF-F;7630;40_49;326
HF-F;7630;50_59;127
HF-F;7630;60_PL;33
HF-F;7631;14_19;23
HF-F;7631;20_24;296
HF-F;7631;25_29;831
HF-F;7631;30_34;878
HF-F;7631;35_39;474
HF-F;7631;40_49;459
HF-F;7631;50_59;194
HF-F;7631;60_PL;65
HF-F;7632;14_19;2
HF-F;7632;20_24;28
HF-F;7632;25_29;137
HF-F;7632;30_34;114
HF-F;7632;35_39;75
HF-F;7632;40_49;76
HF-F;7632;50_59;44
HF-F;7632;60_PL;9
HF-F;7634;14_19;42
HF-F;7634;20_24;348
HF-F;7634;25_29;819
HF-F;7634;30_34;725
HF-F;7634;35_39;472
HF-F;7634;40_49;412
HF-F;7634;50_59;193
HF-F;7634;60_PL;66
HF-F;7646;14_19;1
HF-F;7646;20_24;22
HF-F;7646;25_29;104
HF-F;7646;30_34;136
HF-F;7646;35_39;67
HF-F;7646;40_49;64
HF-F;7646;50_59;31
HF-F;7646;60_PL;11
HF-F;7648;14_19;0
HF-F;7648;20_24;12
HF-F;7648;25_29;54
HF-F;7648;30_34;36
HF-F;7648;35_39;31
HF-F;7648;40_49;30
HF-F;7648;50_59;13
HF-F;7648;60_PL;3
HF-F;7665;14_19;1
HF-F;7665;20_24;25
HF-F;7665;25_29;106
HF-F;7665;30_34;130
HF-F;7665;35_39;83
HF-F;7665;40_49;73
HF-F;7665;50_59;48
HF-F;7665;60_PL;10
HF-F;7666;14_19;14
HF-F;7666;20_24;103
HF-F;7666;25_29;259
HF-F;7666;30_34;282
HF-F;7666;35_39;184
HF-F;7666;40_49;182
HF-F;7666;50_59;86
HF-F;7666;60_PL;28
HF-F;7681;14_19;5
HF-F;7681;20_24;69
HF-F;7681;25_29;257
HF-F;7681;30_34;228
HF-F;7681;35_39;145
HF-F;7681;40_49;146
HF-F;7681;50_59;46
HF-F;7681;60_PL;14
HF-F;7682;14_19;9
HF-F;7682;20_24;74
HF-F;7682;25_29;174
HF-F;7682;30_34;171
HF-F;7682;35_39;114
HF-F;7682;40_49;97
HF-F;7682;50_59;50
HF-F;7682;60_PL;14
HF-F;8401;14_19;11
HF-F;8401;20_24;168
HF-F;8401;25_29;533
HF-F;8401;30_34;441
HF-F;8401;35_39;283
HF-F;8401;40_49;207
HF-F;8401;50_59;111
HF-F;8401;60_PL;21
HF-F;8403;14_19;2
HF-F;8403;20_24;62
HF-F;8403;25_29;211
HF-F;8403;30_34;185
HF-F;8403;35_39;133
HF-F;8403;40_49;106
HF-F;8403;50_59;49
HF-F;8403;60_PL;13
HF-F;8407;14_19;1
HF-F;8407;20_24;69
HF-F;8407;25_29;260
HF-F;8407;30_34;266
HF-F;8407;35_39;144
HF-F;8407;40_49;147
HF-F;8407;50_59;78
HF-F;8407;60_PL;18
HF-F;8415;14_19;0
HF-F;8415;20_24;16
HF-F;8415;25_29;109
HF-F;8415;30_34;87
HF-F;8415;35_39;48
HF-F;8415;40_49;49
HF-F;8415;50_59;31
HF-F;8415;60_PL;11
HF-F;8426;14_19;10
HF-F;8426;20_24;164
HF-F;8426;25_29;434
HF-F;8426;30_34;370
HF-F;8426;35_39;231
HF-F;8426;40_49;209
HF-F;8426;50_59;97
HF-F;8426;60_PL;32
HF-F;8438;14_19;17
HF-F;8438;20_24;438
HF-F;8438;25_29;1002
HF-F;8438;30_34;890
HF-F;8438;35_39;472
HF-F;8438;40_49;492
HF-F;8438;50_59;196
HF-F;8438;60_PL;61
HF-F;8442;14_19;13
HF-F;8442;20_24;272
HF-F;8442;25_29;607
HF-F;8442;30_34;497
HF-F;8442;35_39;252
HF-F;8442;40_49;248
HF-F;8442;50_59;94
HF-F;8442;60_PL;27
HF-F;8443;14_19;1
HF-F;8443;20_24;45
HF-F;8443;25_29;160
HF-F;8443;30_34;160
HF-F;8443;35_39;78
HF-F;8443;40_49;71
HF-F;8443;50_59;34
HF-F;8443;60_PL;13
HF-F;8463;14_19;2
HF-F;8463;20_24;160
HF-F;8463;25_29;419
HF-F;8463;30_34;410
HF-F;8463;35_39;247
HF-F;8463;40_49;227
HF-F;8463;50_59;105
HF-F;8463;60_PL;28
HF-F;8469;14_19;41
HF-F;8469;20_24;704
HF-F;8469;25_29;1687
HF-F;8469;30_34;1334
HF-F;8469;35_39;649
HF-F;8469;40_49;512
HF-F;8469;50_59;197
HF-F;8469;60_PL;69
HF-F;8473;14_19;8
HF-F;8473;20_24;107
HF-F;8473;25_29;349
HF-F;8473;30_34;292
HF-F;8473;35_39;195
HF-F;8473;40_49;159
HF-F;8473;50_59;59
HF-F;8473;60_PL;15
HF-F;8474;14_19;20
HF-F;8474;20_24;241
HF-F;8474;25_29;693
HF-F;8474;30_34;661
HF-F;8474;35_39;357
HF-F;8474;40_49;282
HF-F;8474;50_59;111
HF-F;8474;60_PL;31
HF-F;9304;14_19;0
HF-F;9304;20_24;43
HF-F;9304;25_29;114
HF-F;9304;30_34;98
HF-F;9304;35_39;75
HF-F;9304;40_49;66
HF-F;9304;50_59;32
HF-F;9304;60_PL;20
HF-F;9305;14_19;0
HF-F;9305;20_24;30
HF-F;9305;25_29;90
HF-F;9305;30_34;108
HF-F;9305;35_39;74
HF-F;9305;40_49;41
HF-F;9305;50_59;33
HF-F;9305;60_PL;9
HF-F;9306;14_19;26
HF-F;9306;20_24;286
HF-F;9306;25_29;867
HF-F;9306;30_34;895
HF-F;9306;35_39;384
HF-F;9306;40_49;426
HF-F;9306;50_59;207
HF-F;9306;60_PL;75
HF-F;9313;14_19;50
HF-F;9313;20_24;655
HF-F;9313;25_29;1650
HF-F;9313;30_34;1449
HF-F;9313;35_39;783
HF-F;9313;40_49;749
HF-F;9313;50_59;296
HF-F;9313;60_PL;80
HF-F;9383;14_19;13
HF-F;9383;20_24;269
HF-F;9383;25_29;827
HF-F;9383;30_34;834
HF-F;9383;35_39;448
HF-F;9383;40_49;454
HF-F;9383;50_59;212
HF-F;9383;60_PL;74
HF-F;9384;14_19;8
HF-F;9384;20_24;200
HF-F;9384;25_29;464
HF-F;9384;30_34;430
HF-F;9384;35_39;222
HF-F;9384;40_49;198
HF-F;9384;50_59;93
HF-F;9384;60_PL;26
HF-F;942A;14_19;0
HF-F;942A;20_24;26
HF-F;942A;25_29;113
HF-F;942A;30_34;127
HF-F;942A;35_39;61
HF-F;942A;40_49;66
HF-F;942A;50_59;46
HF-F;942A;60_PL;12
HF-F;942B;14_19;0
HF-F;942B;20_24;23
HF-F;942B;25_29;125
HF-F;942B;30_34;144
HF-F;942B;35_39;86
HF-F;942B;40_49;77
HF-F;942B;50_59;39
HF-F;942B;60_PL;7
HF-F;971;14_19;1
HF-F;971;20_24;59
HF-F;971;25_29;164
HF-F;971;30_34;187
HF-F;971;35_39;126
HF-F;971;40_49;180
HF-F;971;50_59;102
HF-F;971;60_PL;29
HF-F;972;14_19;2
HF-F;972;20_24;49
HF-F;972;25_29;170
HF-F;972;30_34;188
HF-F;972;35_39;118
HF-F;972;40_49;199
HF-F;972;50_59;124
HF-F;972;60_PL;47
HF-F;973;14_19;3
HF-F;973;20_24;82
HF-F;973;25_29;103
HF-F;973;30_34;106
HF-F;973;35_39;98
HF-F;973;40_49;99
HF-F;973;50_59;47
HF-F;973;60_PL;16
HF-F;974;14_19;18
HF-F;974;20_24;279
HF-F;974;25_29;686
HF-F;974;30_34;577
HF-F;974;35_39;357
HF-F;974;40_49;364
HF-F;974;50_59;153
HF-F;974;60_PL;35
HF-F;976;14_19;17
HF-F;976;20_24;109
HF-F;976;25_29;126
HF-F;976;30_34;92
HF-F;976;35_39;47
HF-F;976;40_49;47
HF-F;976;50_59;13
HF-F;976;60_PL;3
HF-F;1175;TOTAL;7069
HF-F;1177;TOTAL;3967
HF-F;1178;TOTAL;3822
HF-F;1191;TOTAL;3263
HF-F;1192;TOTAL;4605
HF-F;1193;TOTAL;4492
HF-F;1194;TOTAL;3725
HF-F;1195;TOTAL;3641
HF-F;2418;TOTAL;704
HF-F;2428;TOTAL;1020
HF-F;2436;TOTAL;506
HF-F;2437;TOTAL;1591
HF-F;2441;TOTAL;787
HF-F;2445;TOTAL;1723
HF-F;2721;TOTAL;1410
HF-F;2725;TOTAL;1421
HF-F;2739;TOTAL;701
HF-F;2758;TOTAL;449
HF-F;2770;TOTAL;592
HF-F;2771;TOTAL;1388
HF-F;2789;TOTAL;879
HF-F;2790;TOTAL;377
HF-F;2814;TOTAL;1888
HF-F;2827;TOTAL;1763
HF-F;2850;TOTAL;1302
HF-F;2861;TOTAL;691
HF-F;2876;TOTAL;3387
HF-F;3202;TOTAL;1447
HF-F;3259;TOTAL;7104
HF-F;3260;TOTAL;2199
HF-F;3262;TOTAL;3813
HF-F;3280;TOTAL;1382
HF-F;4408;TOTAL;696
HF-F;4410;TOTAL;776
HF-F;4451;TOTAL;1413
HF-F;4452;TOTAL;421
HF-F;4454;TOTAL;1871
HF-F;4455;TOTAL;482
HF-F;4457;TOTAL;2842
HF-F;4467;TOTAL;3298
HF-F;4468;TOTAL;2139
HF-F;4488;TOTAL;948
HF-F;5244;TOTAL;3677
HF-F;5249;TOTAL;1999
HF-F;5253;TOTAL;816
HF-F;5272;TOTAL;1425
HF-F;5285;TOTAL;1801
HF-F;5322;TOTAL;1519
HF-F;5329;TOTAL;2146
HF-F;5335;TOTAL;2572
HF-F;5356;TOTAL;2041
HF-F;7516;TOTAL;837
HF-F;7517;TOTAL;1749
HF-F;7519;TOTAL;516
HF-F;7523;TOTAL;231
HF-F;7524;TOTAL;1077
HF-F;7533;TOTAL;4309
HF-F;7540;TOTAL;1029
HF-F;7547;TOTAL;804
HF-F;7564;TOTAL;1641
HF-F;7579;TOTAL;819
HF-F;7586;TOTAL;1022
HF-F;7587;TOTAL;825
HF-F;7609;TOTAL;363
HF-F;7611;TOTAL;945
HF-F;7612;TOTAL;679
HF-F;7630;TOTAL;2134
HF-F;7631;TOTAL;3220
HF-F;7632;TOTAL;485
HF-F;7634;TOTAL;3077
HF-F;7646;TOTAL;436
HF-F;7648;TOTAL;179
HF-F;7665;TOTAL;476
HF-F;7666;TOTAL;1138
HF-F;7681;TOTAL;910
HF-F;7682;TOTAL;703
HF-F;8401;TOTAL;1775
HF-F;8403;TOTAL;761
HF-F;8407;TOTAL;983
HF-F;8415;TOTAL;351
HF-F;8426;TOTAL;1547
HF-F;8438;TOTAL;3568
HF-F;8442;TOTAL;2010
HF-F;8443;TOTAL;562
HF-F;8463;TOTAL;1598
HF-F;8469;TOTAL;5193
HF-F;8473;TOTAL;1184
HF-F;8474;TOTAL;2396
HF-F;9304;TOTAL;448
HF-F;9305;TOTAL;385
HF-F;9306;TOTAL;3166
HF-F;9313;TOTAL;5712
HF-F;9383;TOTAL;3131
HF-F;9384;TOTAL;1641
HF-F;942A;TOTAL;451
HF-F;942B;TOTAL;501
HF-F;971;TOTAL;848
HF-F;972;TOTAL;897
HF-F;973;TOTAL;554
HF-F;974;TOTAL;2469
HF-F;976;TOTAL;454
HF-F;11XX;14_19;218
HF-F;11XX;20_24;3981
HF-F;11XX;25_29;10986
HF-F;11XX;30_34;8954
HF-F;11XX;35_39;4503
HF-F;11XX;40_49;3867
HF-F;11XX;50_59;1547
HF-F;11XX;60_PL;528
HF-F;24XX;14_19;40
HF-F;24XX;20_24;583
HF-F;24XX;25_29;1654
HF-F;24XX;30_34;1632
HF-F;24XX;35_39;981
HF-F;24XX;40_49;896
HF-F;24XX;50_59;435
HF-F;24XX;60_PL;110
HF-F;27XX;14_19;34
HF-F;27XX;20_24;761
HF-F;27XX;25_29;1989
HF-F;27XX;30_34;1881
HF-F;27XX;35_39;1115
HF-F;27XX;40_49;904
HF-F;27XX;50_59;403
HF-F;27XX;60_PL;130
HF-F;28XX;14_19;47
HF-F;28XX;20_24;708
HF-F;28XX;25_29;2462
HF-F;28XX;30_34;2426
HF-F;28XX;35_39;1407
HF-F;28XX;40_49;1248
HF-F;28XX;50_59;593
HF-F;28XX;60_PL;140
HF-F;32XX;14_19;98
HF-F;32XX;20_24;1658
HF-F;32XX;25_29;4913
HF-F;32XX;30_34;4069
HF-F;32XX;35_39;2289
HF-F;32XX;40_49;1992
HF-F;32XX;50_59;738
HF-F;32XX;60_PL;188
HF-F;44XX;14_19;92
HF-F;44XX;20_24;1675
HF-F;44XX;25_29;4511
HF-F;44XX;30_34;3812
HF-F;44XX;35_39;2120
HF-F;44XX;40_49;1756
HF-F;44XX;50_59;724
HF-F;44XX;60_PL;196
HF-F;52XX;14_19;26
HF-F;52XX;20_24;630
HF-F;52XX;25_29;2596
HF-F;52XX;30_34;2761
HF-F;52XX;35_39;1666
HF-F;52XX;40_49;1365
HF-F;52XX;50_59;544
HF-F;52XX;60_PL;130
HF-F;53XX;14_19;25
HF-F;53XX;20_24;482
HF-F;53XX;25_29;2159
HF-F;53XX;30_34;2375
HF-F;53XX;35_39;1403
HF-F;53XX;40_49;1210
HF-F;53XX;50_59;496
HF-F;53XX;60_PL;128
HF-F;75XX;14_19;66
HF-F;75XX;20_24;995
HF-F;75XX;25_29;3550
HF-F;75XX;30_34;4103
HF-F;75XX;35_39;2480
HF-F;75XX;40_49;2308
HF-F;75XX;50_59;1047
HF-F;75XX;60_PL;310
HF-F;76XX;14_19;128
HF-F;76XX;20_24;1395
HF-F;76XX;25_29;3770
HF-F;76XX;30_34;3725
HF-F;76XX;35_39;2266
HF-F;76XX;40_49;2185
HF-F;76XX;50_59;984
HF-F;76XX;60_PL;292
HF-F;84XX;14_19;126
HF-F;84XX;20_24;2446
HF-F;84XX;25_29;6464
HF-F;84XX;30_34;5593
HF-F;84XX;35_39;3089
HF-F;84XX;40_49;2709
HF-F;84XX;50_59;1162
HF-F;84XX;60_PL;339
HF-F;93XX;14_19;97
HF-F;93XX;20_24;1483
HF-F;93XX;25_29;4012
HF-F;93XX;30_34;3814
HF-F;93XX;35_39;1986
HF-F;93XX;40_49;1934
HF-F;93XX;50_59;873
HF-F;93XX;60_PL;284
HF-F;94XX;14_19;0
HF-F;94XX;20_24;49
HF-F;94XX;25_29;238
HF-F;94XX;30_34;271
HF-F;94XX;35_39;147
HF-F;94XX;40_49;143
HF-F;94XX;50_59;85
HF-F;94XX;60_PL;19
HF-F;97XX;14_19;41
HF-F;97XX;20_24;578
HF-F;97XX;25_29;1249
HF-F;97XX;30_34;1150
HF-F;97XX;35_39;746
HF-F;97XX;40_49;889
HF-F;97XX;50_59;439
HF-F;97XX;60_PL;130
HF-F;11XX;TOTAL;34584
HF-F;24XX;TOTAL;6331
HF-F;27XX;TOTAL;7217
HF-F;28XX;TOTAL;9031
HF-F;32XX;TOTAL;15945
HF-F;44XX;TOTAL;14886
HF-F;52XX;TOTAL;9718
HF-F;53XX;TOTAL;8278
HF-F;75XX;TOTAL;14859
HF-F;76XX;TOTAL;14745
HF-F;84XX;TOTAL;21928
HF-F;93XX;TOTAL;14483
HF-F;94XX;TOTAL;952
HF-F;97XX;TOTAL;5222
HF-F;FE;14_19;1038
HF-F;FE;20_24;17424
HF-F;FE;25_29;50553
HF-F;FE;30_34;46566
HF-F;FE;35_39;26198
HF-F;FE;40_49;23406
HF-F;FE;50_59;10070
HF-F;FE;60_PL;2924
HF-F;FE;TOTAL;178179
HF-F;FM;14_19;997
HF-F;FM;20_24;16846
HF-F;FM;25_29;49304
HF-F;FM;30_34;45416
HF-F;FM;35_39;25452
HF-F;FM;40_49;22517
HF-F;FM;50_59;9631
HF-F;FM;60_PL;2794
HF-F;FM;TOTAL;172957
HF-H;1175;14_19;4
HF-H;1175;20_24;236
HF-H;1175;25_29;1604
HF-H;1175;30_34;2457
HF-H;1175;35_39;1159
HF-H;1175;40_49;907
HF-H;1175;50_59;320
HF-H;1175;60_PL;199
HF-H;1177;14_19;3
HF-H;1177;20_24;190
HF-H;1177;25_29;926
HF-H;1177;30_34;1105
HF-H;1177;35_39;712
HF-H;1177;40_49;654
HF-H;1177;50_59;284
HF-H;1177;60_PL;82
HF-H;1178;14_19;4
HF-H;1178;20_24;186
HF-H;1178;25_29;976
HF-H;1178;30_34;1065
HF-H;1178;35_39;612
HF-H;1178;40_49;575
HF-H;1178;50_59;241
HF-H;1178;60_PL;87
HF-H;1191;14_19;1
HF-H;1191;20_24;170
HF-H;1191;25_29;808
HF-H;1191;30_34;900
HF-H;1191;35_39;559
HF-H;1191;40_49;514
HF-H;1191;50_59;201
HF-H;1191;60_PL;76
HF-H;1192;14_19;0
HF-H;1192;20_24;175
HF-H;1192;25_29;1146
HF-H;1192;30_34;1521
HF-H;1192;35_39;782
HF-H;1192;40_49;570
HF-H;1192;50_59;214
HF-H;1192;60_PL;109
HF-H;1193;14_19;2
HF-H;1193;20_24;378
HF-H;1193;25_29;1347
HF-H;1193;30_34;1252
HF-H;1193;35_39;681
HF-H;1193;40_49;508
HF-H;1193;50_59;229
HF-H;1193;60_PL;106
HF-H;1194;14_19;4
HF-H;1194;20_24;204
HF-H;1194;25_29;1010
HF-H;1194;30_34;1095
HF-H;1194;35_39;551
HF-H;1194;40_49;534
HF-H;1194;50_59;196
HF-H;1194;60_PL;94
HF-H;1195;14_19;3
HF-H;1195;20_24;238
HF-H;1195;25_29;949
HF-H;1195;30_34;1023
HF-H;1195;35_39;541
HF-H;1195;40_49;533
HF-H;1195;50_59;208
HF-H;1195;60_PL;83
HF-H;2418;14_19;0
HF-H;2418;20_24;23
HF-H;2418;25_29;149
HF-H;2418;30_34;192
HF-H;2418;35_39;122
HF-H;2418;40_49;139
HF-H;2418;50_59;47
HF-H;2418;60_PL;27
HF-H;2428;14_19;0
HF-H;2428;20_24;45
HF-H;2428;25_29;222
HF-H;2428;30_34;287
HF-H;2428;35_39;188
HF-H;2428;40_49;180
HF-H;2428;50_59;90
HF-H;2428;60_PL;34
HF-H;2436;14_19;1
HF-H;2436;20_24;17
HF-H;2436;25_29;107
HF-H;2436;30_34;118
HF-H;2436;35_39;74
HF-H;2436;40_49;104
HF-H;2436;50_59;45
HF-H;2436;60_PL;31
HF-H;2437;14_19;1
HF-H;2437;20_24;73
HF-H;2437;25_29;314
HF-H;2437;30_34;425
HF-H;2437;35_39;292
HF-H;2437;40_49;294
HF-H;2437;50_59;111
HF-H;2437;60_PL;28
HF-H;2441;14_19;2
HF-H;2441;20_24;33
HF-H;2441;25_29;180
HF-H;2441;30_34;202
HF-H;2441;35_39;141
HF-H;2441;40_49;137
HF-H;2441;50_59;59
HF-H;2441;60_PL;31
HF-H;2445;14_19;0
HF-H;2445;20_24;121
HF-H;2445;25_29;418
HF-H;2445;30_34;462
HF-H;2445;35_39;298
HF-H;2445;40_49;284
HF-H;2445;50_59;112
HF-H;2445;60_PL;37
HF-H;2721;14_19;2
HF-H;2721;20_24;64
HF-H;2721;25_29;337
HF-H;2721;30_34;393
HF-H;2721;35_39;255
HF-H;2721;40_49;208
HF-H;2721;50_59;85
HF-H;2721;60_PL;42
HF-H;2725;14_19;2
HF-H;2725;20_24;87
HF-H;2725;25_29;353
HF-H;2725;30_34;402
HF-H;2725;35_39;255
HF-H;2725;40_49;218
HF-H;2725;50_59;99
HF-H;2725;60_PL;40
HF-H;2739;14_19;0
HF-H;2739;20_24;48
HF-H;2739;25_29;142
HF-H;2739;30_34;196
HF-H;2739;35_39;145
HF-H;2739;40_49;109
HF-H;2739;50_59;56
HF-H;2739;60_PL;20
HF-H;2758;14_19;1
HF-H;2758;20_24;13
HF-H;2758;25_29;92
HF-H;2758;30_34;90
HF-H;2758;35_39;85
HF-H;2758;40_49;85
HF-H;2758;50_59;51
HF-H;2758;60_PL;17
HF-H;2770;14_19;2
HF-H;2770;20_24;24
HF-H;2770;25_29;117
HF-H;2770;30_34;163
HF-H;2770;35_39;112
HF-H;2770;40_49;129
HF-H;2770;50_59;48
HF-H;2770;60_PL;13
HF-H;2771;14_19;1
HF-H;2771;20_24;76
HF-H;2771;25_29;321
HF-H;2771;30_34;364
HF-H;2771;35_39;241
HF-H;2771;40_49;221
HF-H;2771;50_59;91
HF-H;2771;60_PL;26
HF-H;2789;14_19;2
HF-H;2789;20_24;40
HF-H;2789;25_29;195
HF-H;2789;30_34;243
HF-H;2789;35_39;145
HF-H;2789;40_49;152
HF-H;2789;50_59;66
HF-H;2789;60_PL;43
HF-H;2790;14_19;0
HF-H;2790;20_24;25
HF-H;2790;25_29;99
HF-H;2790;30_34;89
HF-H;2790;35_39;70
HF-H;2790;40_49;55
HF-H;2790;50_59;26
HF-H;2790;60_PL;8
HF-H;2814;14_19;1
HF-H;2814;20_24;74
HF-H;2814;25_29;377
HF-H;2814;30_34;555
HF-H;2814;35_39;341
HF-H;2814;40_49;353
HF-H;2814;50_59;146
HF-H;2814;60_PL;45
HF-H;2827;14_19;3
HF-H;2827;20_24;67
HF-H;2827;25_29;354
HF-H;2827;30_34;494
HF-H;2827;35_39;317
HF-H;2827;40_49;309
HF-H;2827;50_59;126
HF-H;2827;60_PL;57
HF-H;2850;14_19;0
HF-H;2850;20_24;37
HF-H;2850;25_29;279
HF-H;2850;30_34;380
HF-H;2850;35_39;252
HF-H;2850;40_49;242
HF-H;2850;50_59;92
HF-H;2850;60_PL;41
HF-H;2861;14_19;0
HF-H;2861;20_24;16
HF-H;2861;25_29;152
HF-H;2861;30_34;208
HF-H;2861;35_39;129
HF-H;2861;40_49;105
HF-H;2861;50_59;76
HF-H;2861;60_PL;20
HF-H;2876;14_19;4
HF-H;2876;20_24;182
HF-H;2876;25_29;767
HF-H;2876;30_34;992
HF-H;2876;35_39;592
HF-H;2876;40_49;542
HF-H;2876;50_59;214
HF-H;2876;60_PL;87
HF-H;3202;14_19;1
HF-H;3202;20_24;54
HF-H;3202;25_29;320
HF-H;3202;30_34;427
HF-H;3202;35_39;251
HF-H;3202;40_49;241
HF-H;3202;50_59;139
HF-H;3202;60_PL;41
HF-H;3259;14_19;8
HF-H;3259;20_24;420
HF-H;3259;25_29;1905
HF-H;3259;30_34;2086
HF-H;3259;35_39;1172
HF-H;3259;40_49;969
HF-H;3259;50_59;356
HF-H;3259;60_PL;73
HF-H;3260;14_19;2
HF-H;3260;20_24;95
HF-H;3260;25_29;507
HF-H;3260;30_34;622
HF-H;3260;35_39;412
HF-H;3260;40_49;345
HF-H;3260;50_59;149
HF-H;3260;60_PL;66
HF-H;3262;14_19;1
HF-H;3262;20_24;177
HF-H;3262;25_29;889
HF-H;3262;30_34;1135
HF-H;3262;35_39;706
HF-H;3262;40_49;636
HF-H;3262;50_59;239
HF-H;3262;60_PL;50
HF-H;3280;14_19;2
HF-H;3280;20_24;56
HF-H;3280;25_29;320
HF-H;3280;30_34;375
HF-H;3280;35_39;248
HF-H;3280;40_49;222
HF-H;3280;50_59;109
HF-H;3280;60_PL;33
HF-H;4408;14_19;1
HF-H;4408;20_24;21
HF-H;4408;25_29;167
HF-H;4408;30_34;196
HF-H;4408;35_39;121
HF-H;4408;40_49;117
HF-H;4408;50_59;53
HF-H;4408;60_PL;20
HF-H;4410;14_19;1
HF-H;4410;20_24;42
HF-H;4410;25_29;162
HF-H;4410;30_34;222
HF-H;4410;35_39;124
HF-H;4410;40_49;128
HF-H;4410;50_59;41
HF-H;4410;60_PL;20
HF-H;4451;14_19;1
HF-H;4451;20_24;73
HF-H;4451;25_29;355
HF-H;4451;30_34;432
HF-H;4451;35_39;238
HF-H;4451;40_49;203
HF-H;4451;50_59;97
HF-H;4451;60_PL;29
HF-H;4452;14_19;0
HF-H;4452;20_24;22
HF-H;4452;25_29;97
HF-H;4452;30_34;120
HF-H;4452;35_39;59
HF-H;4452;40_49;74
HF-H;4452;50_59;40
HF-H;4452;60_PL;13
HF-H;4454;14_19;2
HF-H;4454;20_24;77
HF-H;4454;25_29;416
HF-H;4454;30_34;525
HF-H;4454;35_39;343
HF-H;4454;40_49;295
HF-H;4454;50_59;128
HF-H;4454;60_PL;39
HF-H;4455;14_19;0
HF-H;4455;20_24;13
HF-H;4455;25_29;105
HF-H;4455;30_34;158
HF-H;4455;35_39;90
HF-H;4455;40_49;87
HF-H;4455;50_59;53
HF-H;4455;60_PL;11
HF-H;4457;14_19;2
HF-H;4457;20_24;125
HF-H;4457;25_29;747
HF-H;4457;30_34;820
HF-H;4457;35_39;504
HF-H;4457;40_49;404
HF-H;4457;50_59;179
HF-H;4457;60_PL;47
HF-H;4467;14_19;3
HF-H;4467;20_24;208
HF-H;4467;25_29;908
HF-H;4467;30_34;953
HF-H;4467;35_39;527
HF-H;4467;40_49;405
HF-H;4467;50_59;168
HF-H;4467;60_PL;58
HF-H;4468;14_19;3
HF-H;4468;20_24;165
HF-H;4468;25_29;561
HF-H;4468;30_34;615
HF-H;4468;35_39;334
HF-H;4468;40_49;277
HF-H;4468;50_59;123
HF-H;4468;60_PL;33
HF-H;4488;14_19;1
HF-H;4488;20_24;44
HF-H;4488;25_29;213
HF-H;4488;30_34;239
HF-H;4488;35_39;168
HF-H;4488;40_49;150
HF-H;4488;50_59;88
HF-H;4488;60_PL;33
HF-H;5244;14_19;3
HF-H;5244;20_24;132
HF-H;5244;25_29;733
HF-H;5244;30_34;1091
HF-H;5244;35_39;732
HF-H;5244;40_49;649
HF-H;5244;50_59;234
HF-H;5244;60_PL;73
HF-H;5249;14_19;1
HF-H;5249;20_24;80
HF-H;5249;25_29;432
HF-H;5249;30_34;577
HF-H;5249;35_39;379
HF-H;5249;40_49;325
HF-H;5249;50_59;139
HF-H;5249;60_PL;47
HF-H;5253;14_19;0
HF-H;5253;20_24;24
HF-H;5253;25_29;169
HF-H;5253;30_34;277
HF-H;5253;35_39;120
HF-H;5253;40_49;136
HF-H;5253;50_59;56
HF-H;5253;60_PL;21
HF-H;5272;14_19;2
HF-H;5272;20_24;53
HF-H;5272;25_29;299
HF-H;5272;30_34;403
HF-H;5272;35_39;250
HF-H;5272;40_49;249
HF-H;5272;50_59;116
HF-H;5272;60_PL;35
HF-H;5285;14_19;1
HF-H;5285;20_24;36
HF-H;5285;25_29;356
HF-H;5285;30_34;532
HF-H;5285;35_39;380
HF-H;5285;40_49;342
HF-H;5285;50_59;114
HF-H;5285;60_PL;53
HF-H;5322;14_19;0
HF-H;5322;20_24;43
HF-H;5322;25_29;311
HF-H;5322;30_34;420
HF-H;5322;35_39;290
HF-H;5322;40_49;270
HF-H;5322;50_59;138
HF-H;5322;60_PL;45
HF-H;5329;14_19;4
HF-H;5329;20_24;85
HF-H;5329;25_29;400
HF-H;5329;30_34;636
HF-H;5329;35_39;400
HF-H;5329;40_49;393
HF-H;5329;50_59;142
HF-H;5329;60_PL;61
HF-H;5335;14_19;1
HF-H;5335;20_24;88
HF-H;5335;25_29;530
HF-H;5335;30_34;738
HF-H;5335;35_39;481
HF-H;5335;40_49;456
HF-H;5335;50_59;177
HF-H;5335;60_PL;60
HF-H;5356;14_19;1
HF-H;5356;20_24;59
HF-H;5356;25_29;372
HF-H;5356;30_34;637
HF-H;5356;35_39;359
HF-H;5356;40_49;377
HF-H;5356;50_59;157
HF-H;5356;60_PL;57
HF-H;7516;14_19;0
HF-H;7516;20_24;29
HF-H;7516;25_29;157
HF-H;7516;30_34;235
HF-H;7516;35_39;167
HF-H;7516;40_49;153
HF-H;7516;50_59;71
HF-H;7516;60_PL;25
HF-H;7517;14_19;0
HF-H;7517;20_24;44
HF-H;7517;25_29;295
HF-H;7517;30_34;465
HF-H;7517;35_39;317
HF-H;7517;40_49;342
HF-H;7517;50_59;182
HF-H;7517;60_PL;89
HF-H;7519;14_19;0
HF-H;7519;20_24;27
HF-H;7519;25_29;90
HF-H;7519;30_34;143
HF-H;7519;35_39;105
HF-H;7519;40_49;93
HF-H;7519;50_59;54
HF-H;7519;60_PL;13
HF-H;7523;14_19;1
HF-H;7523;20_24;3
HF-H;7523;25_29;47
HF-H;7523;30_34;57
HF-H;7523;35_39;40
HF-H;7523;40_49;58
HF-H;7523;50_59;19
HF-H;7523;60_PL;10
HF-H;7524;14_19;0
HF-H;7524;20_24;36
HF-H;7524;25_29;186
HF-H;7524;30_34;285
HF-H;7524;35_39;184
HF-H;7524;40_49;225
HF-H;7524;50_59;93
HF-H;7524;60_PL;60
HF-H;7533;14_19;3
HF-H;7533;20_24;155
HF-H;7533;25_29;836
HF-H;7533;30_34;1185
HF-H;7533;35_39;832
HF-H;7533;40_49;823
HF-H;7533;50_59;302
HF-H;7533;60_PL;118
HF-H;7540;14_19;0
HF-H;7540;20_24;15
HF-H;7540;25_29;193
HF-H;7540;30_34;279
HF-H;7540;35_39;201
HF-H;7540;40_49;188
HF-H;7540;50_59;101
HF-H;7540;60_PL;31
HF-H;7547;14_19;1
HF-H;7547;20_24;36
HF-H;7547;25_29;155
HF-H;7547;30_34;235
HF-H;7547;35_39;161
HF-H;7547;40_49;156
HF-H;7547;50_59;73
HF-H;7547;60_PL;24
HF-H;7564;14_19;2
HF-H;7564;20_24;49
HF-H;7564;25_29;284
HF-H;7564;30_34;494
HF-H;7564;35_39;317
HF-H;7564;40_49;306
HF-H;7564;50_59;119
HF-H;7564;60_PL;46
HF-H;7579;14_19;1
HF-H;7579;20_24;33
HF-H;7579;25_29;163
HF-H;7579;30_34;231
HF-H;7579;35_39;149
HF-H;7579;40_49;154
HF-H;7579;50_59;71
HF-H;7579;60_PL;21
HF-H;7586;14_19;2
HF-H;7586;20_24;50
HF-H;7586;25_29;221
HF-H;7586;30_34;257
HF-H;7586;35_39;188
HF-H;7586;40_49;187
HF-H;7586;50_59;71
HF-H;7586;60_PL;33
HF-H;7587;14_19;3
HF-H;7587;20_24;37
HF-H;7587;25_29;156
HF-H;7587;30_34;213
HF-H;7587;35_39;145
HF-H;7587;40_49;160
HF-H;7587;50_59;66
HF-H;7587;60_PL;26
HF-H;7609;14_19;0
HF-H;7609;20_24;16
HF-H;7609;25_29;64
HF-H;7609;30_34;87
HF-H;7609;35_39;61
HF-H;7609;40_49;55
HF-H;7609;50_59;50
HF-H;7609;60_PL;21
HF-H;7611;14_19;4
HF-H;7611;20_24;40
HF-H;7611;25_29;183
HF-H;7611;30_34;247
HF-H;7611;35_39;155
HF-H;7611;40_49;188
HF-H;7611;50_59;96
HF-H;7611;60_PL;28
HF-H;7612;14_19;0
HF-H;7612;20_24;23
HF-H;7612;25_29;133
HF-H;7612;30_34;201
HF-H;7612;35_39;116
HF-H;7612;40_49;118
HF-H;7612;50_59;60
HF-H;7612;60_PL;25
HF-H;7630;14_19;5
HF-H;7630;20_24;102
HF-H;7630;25_29;487
HF-H;7630;30_34;564
HF-H;7630;35_39;346
HF-H;7630;40_49;345
HF-H;7630;50_59;164
HF-H;7630;60_PL;56
HF-H;7631;14_19;6
HF-H;7631;20_24;144
HF-H;7631;25_29;677
HF-H;7631;30_34;954
HF-H;7631;35_39;584
HF-H;7631;40_49;538
HF-H;7631;50_59;219
HF-H;7631;60_PL;101
HF-H;7632;14_19;0
HF-H;7632;20_24;15
HF-H;7632;25_29;111
HF-H;7632;30_34;129
HF-H;7632;35_39;79
HF-H;7632;40_49;91
HF-H;7632;50_59;41
HF-H;7632;60_PL;14
HF-H;7634;14_19;7
HF-H;7634;20_24;162
HF-H;7634;25_29;709
HF-H;7634;30_34;786
HF-H;7634;35_39;525
HF-H;7634;40_49;472
HF-H;7634;50_59;222
HF-H;7634;60_PL;88
HF-H;7646;14_19;0
HF-H;7646;20_24;9
HF-H;7646;25_29;84
HF-H;7646;30_34;116
HF-H;7646;35_39;77
HF-H;7646;40_49;95
HF-H;7646;50_59;37
HF-H;7646;60_PL;23
HF-H;7648;14_19;0
HF-H;7648;20_24;5
HF-H;7648;25_29;43
HF-H;7648;30_34;33
HF-H;7648;35_39;42
HF-H;7648;40_49;40
HF-H;7648;50_59;15
HF-H;7648;60_PL;9
HF-H;7665;14_19;1
HF-H;7665;20_24;19
HF-H;7665;25_29;80
HF-H;7665;30_34;113
HF-H;7665;35_39;88
HF-H;7665;40_49;94
HF-H;7665;50_59;45
HF-H;7665;60_PL;22
HF-H;7666;14_19;1
HF-H;7666;20_24;65
HF-H;7666;25_29;206
HF-H;7666;30_34;299
HF-H;7666;35_39;171
HF-H;7666;40_49;241
HF-H;7666;50_59;98
HF-H;7666;60_PL;43
HF-H;7681;14_19;0
HF-H;7681;20_24;34
HF-H;7681;25_29;199
HF-H;7681;30_34;235
HF-H;7681;35_39;175
HF-H;7681;40_49;161
HF-H;7681;50_59;74
HF-H;7681;60_PL;26
HF-H;7682;14_19;1
HF-H;7682;20_24;31
HF-H;7682;25_29;164
HF-H;7682;30_34;184
HF-H;7682;35_39;119
HF-H;7682;40_49;132
HF-H;7682;50_59;56
HF-H;7682;60_PL;19
HF-H;8401;14_19;3
HF-H;8401;20_24;90
HF-H;8401;25_29;423
HF-H;8401;30_34;506
HF-H;8401;35_39;294
HF-H;8401;40_49;289
HF-H;8401;50_59;108
HF-H;8401;60_PL;43
HF-H;8403;14_19;2
HF-H;8403;20_24;24
HF-H;8403;25_29;178
HF-H;8403;30_34;207
HF-H;8403;35_39;136
HF-H;8403;40_49;124
HF-H;8403;50_59;64
HF-H;8403;60_PL;30
HF-H;8407;14_19;0
HF-H;8407;20_24;35
HF-H;8407;25_29;194
HF-H;8407;30_34;261
HF-H;8407;35_39;197
HF-H;8407;40_49;158
HF-H;8407;50_59;79
HF-H;8407;60_PL;31
HF-H;8415;14_19;1
HF-H;8415;20_24;10
HF-H;8415;25_29;73
HF-H;8415;30_34;93
HF-H;8415;35_39;59
HF-H;8415;40_49;61
HF-H;8415;50_59;40
HF-H;8415;60_PL;23
HF-H;8426;14_19;2
HF-H;8426;20_24;81
HF-H;8426;25_29;370
HF-H;8426;30_34;413
HF-H;8426;35_39;283
HF-H;8426;40_49;233
HF-H;8426;50_59;118
HF-H;8426;60_PL;29
HF-H;8438;14_19;4
HF-H;8438;20_24;247
HF-H;8438;25_29;808
HF-H;8438;30_34;997
HF-H;8438;35_39;602
HF-H;8438;40_49;551
HF-H;8438;50_59;221
HF-H;8438;60_PL;93
HF-H;8442;14_19;4
HF-H;8442;20_24;123
HF-H;8442;25_29;541
HF-H;8442;30_34;552
HF-H;8442;35_39;324
HF-H;8442;40_49;305
HF-H;8442;50_59;104
HF-H;8442;60_PL;42
HF-H;8443;14_19;0
HF-H;8443;20_24;19
HF-H;8443;25_29;151
HF-H;8443;30_34;146
HF-H;8443;35_39;88
HF-H;8443;40_49;98
HF-H;8443;50_59;38
HF-H;8443;60_PL;20
HF-H;8463;14_19;0
HF-H;8463;20_24;81
HF-H;8463;25_29;384
HF-H;8463;30_34;411
HF-H;8463;35_39;286
HF-H;8463;40_49;280
HF-H;8463;50_59;110
HF-H;8463;60_PL;40
HF-H;8469;14_19;8
HF-H;8469;20_24;358
HF-H;8469;25_29;1445
HF-H;8469;30_34;1504
HF-H;8469;35_39;862
HF-H;8469;40_49;656
HF-H;8469;50_59;260
HF-H;8469;60_PL;96
HF-H;8473;14_19;1
HF-H;8473;20_24;55
HF-H;8473;25_29;283
HF-H;8473;30_34;323
HF-H;8473;35_39;191
HF-H;8473;40_49;216
HF-H;8473;50_59;100
HF-H;8473;60_PL;29
HF-H;8474;14_19;2
HF-H;8474;20_24;132
HF-H;8474;25_29;534
HF-H;8474;30_34;733
HF-H;8474;35_39;413
HF-H;8474;40_49;355
HF-H;8474;50_59;126
HF-H;8474;60_PL;62
HF-H;9304;14_19;0
HF-H;9304;20_24;20
HF-H;9304;25_29;98
HF-H;9304;30_34;102
HF-H;9304;35_39;76
HF-H;9304;40_49;67
HF-H;9304;50_59;45
HF-H;9304;60_PL;20
HF-H;9305;14_19;0
HF-H;9305;20_24;5
HF-H;9305;25_29;77
HF-H;9305;30_34;108
HF-H;9305;35_39;75
HF-H;9305;40_49;58
HF-H;9305;50_59;20
HF-H;9305;60_PL;23
HF-H;9306;14_19;1
HF-H;9306;20_24;118
HF-H;9306;25_29;684
HF-H;9306;30_34;935
HF-H;9306;35_39;554
HF-H;9306;40_49;504
HF-H;9306;50_59;240
HF-H;9306;60_PL;92
HF-H;9313;14_19;9
HF-H;9313;20_24;275
HF-H;9313;25_29;1394
HF-H;9313;30_34;1649
HF-H;9313;35_39;901
HF-H;9313;40_49;846
HF-H;9313;50_59;370
HF-H;9313;60_PL;136
HF-H;9383;14_19;0
HF-H;9383;20_24;130
HF-H;9383;25_29;647
HF-H;9383;30_34;857
HF-H;9383;35_39;568
HF-H;9383;40_49;487
HF-H;9383;50_59;215
HF-H;9383;60_PL;101
HF-H;9384;14_19;1
HF-H;9384;20_24;97
HF-H;9384;25_29;387
HF-H;9384;30_34;483
HF-H;9384;35_39;258
HF-H;9384;40_49;241
HF-H;9384;50_59;120
HF-H;9384;60_PL;38
HF-H;942A;14_19;0
HF-H;942A;20_24;12
HF-H;942A;25_29;70
HF-H;942A;30_34;135
HF-H;942A;35_39;79
HF-H;942A;40_49;75
HF-H;942A;50_59;46
HF-H;942A;60_PL;17
HF-H;942B;14_19;0
HF-H;942B;20_24;15
HF-H;942B;25_29;69
HF-H;942B;30_34;141
HF-H;942B;35_39;87
HF-H;942B;40_49;103
HF-H;942B;50_59;40
HF-H;942B;60_PL;15
HF-H;971;14_19;0
HF-H;971;20_24;20
HF-H;971;25_29;116
HF-H;971;30_34;161
HF-H;971;35_39;150
HF-H;971;40_49;165
HF-H;971;50_59;98
HF-H;971;60_PL;47
HF-H;972;14_19;0
HF-H;972;20_24;33
HF-H;972;25_29;129
HF-H;972;30_34;171
HF-H;972;35_39;114
HF-H;972;40_49;188
HF-H;972;50_59;138
HF-H;972;60_PL;63
HF-H;973;14_19;3
HF-H;973;20_24;40
HF-H;973;25_29;81
HF-H;973;30_34;99
HF-H;973;35_39;101
HF-H;973;40_49;110
HF-H;973;50_59;59
HF-H;973;60_PL;26
HF-H;974;14_19;3
HF-H;974;20_24;149
HF-H;974;25_29;524
HF-H;974;30_34;638
HF-H;974;35_39;402
HF-H;974;40_49;421
HF-H;974;50_59;209
HF-H;974;60_PL;61
HF-H;976;14_19;0
HF-H;976;20_24;27
HF-H;976;25_29;105
HF-H;976;30_34;121
HF-H;976;35_39;81
HF-H;976;40_49;53
HF-H;976;50_59;25
HF-H;976;60_PL;8
HF-H;1175;TOTAL;6886
HF-H;1177;TOTAL;3956
HF-H;1178;TOTAL;3746
HF-H;1191;TOTAL;3229
HF-H;1192;TOTAL;4517
HF-H;1193;TOTAL;4503
HF-H;1194;TOTAL;3688
HF-H;1195;TOTAL;3578
HF-H;2418;TOTAL;699
HF-H;2428;TOTAL;1046
HF-H;2436;TOTAL;497
HF-H;2437;TOTAL;1538
HF-H;2441;TOTAL;785
HF-H;2445;TOTAL;1732
HF-H;2721;TOTAL;1386
HF-H;2725;TOTAL;1456
HF-H;2739;TOTAL;716
HF-H;2758;TOTAL;434
HF-H;2770;TOTAL;608
HF-H;2771;TOTAL;1341
HF-H;2789;TOTAL;886
HF-H;2790;TOTAL;372
HF-H;2814;TOTAL;1892
HF-H;2827;TOTAL;1727
HF-H;2850;TOTAL;1323
HF-H;2861;TOTAL;706
HF-H;2876;TOTAL;3380
HF-H;3202;TOTAL;1474
HF-H;3259;TOTAL;6989
HF-H;3260;TOTAL;2198
HF-H;3262;TOTAL;3833
HF-H;3280;TOTAL;1365
HF-H;4408;TOTAL;696
HF-H;4410;TOTAL;740
HF-H;4451;TOTAL;1428
HF-H;4452;TOTAL;425
HF-H;4454;TOTAL;1825
HF-H;4455;TOTAL;517
HF-H;4457;TOTAL;2828
HF-H;4467;TOTAL;3230
HF-H;4468;TOTAL;2111
HF-H;4488;TOTAL;936
HF-H;5244;TOTAL;3647
HF-H;5249;TOTAL;1980
HF-H;5253;TOTAL;803
HF-H;5272;TOTAL;1407
HF-H;5285;TOTAL;1814
HF-H;5322;TOTAL;1517
HF-H;5329;TOTAL;2121
HF-H;5335;TOTAL;2531
HF-H;5356;TOTAL;2019
HF-H;7516;TOTAL;837
HF-H;7517;TOTAL;1734
HF-H;7519;TOTAL;525
HF-H;7523;TOTAL;235
HF-H;7524;TOTAL;1069
HF-H;7533;TOTAL;4254
HF-H;7540;TOTAL;1008
HF-H;7547;TOTAL;841
HF-H;7564;TOTAL;1617
HF-H;7579;TOTAL;823
HF-H;7586;TOTAL;1009
HF-H;7587;TOTAL;806
HF-H;7609;TOTAL;354
HF-H;7611;TOTAL;941
HF-H;7612;TOTAL;676
HF-H;7630;TOTAL;2069
HF-H;7631;TOTAL;3223
HF-H;7632;TOTAL;480
HF-H;7634;TOTAL;2971
HF-H;7646;TOTAL;441
HF-H;7648;TOTAL;187
HF-H;7665;TOTAL;462
HF-H;7666;TOTAL;1124
HF-H;7681;TOTAL;904
HF-H;7682;TOTAL;706
HF-H;8401;TOTAL;1756
HF-H;8403;TOTAL;765
HF-H;8407;TOTAL;955
HF-H;8415;TOTAL;360
HF-H;8426;TOTAL;1529
HF-H;8438;TOTAL;3523
HF-H;8442;TOTAL;1995
HF-H;8443;TOTAL;560
HF-H;8463;TOTAL;1592
HF-H;8469;TOTAL;5189
HF-H;8473;TOTAL;1198
HF-H;8474;TOTAL;2357
HF-H;9304;TOTAL;428
HF-H;9305;TOTAL;366
HF-H;9306;TOTAL;3128
HF-H;9313;TOTAL;5580
HF-H;9383;TOTAL;3005
HF-H;9384;TOTAL;1625
HF-H;942A;TOTAL;434
HF-H;942B;TOTAL;470
HF-H;971;TOTAL;757
HF-H;972;TOTAL;836
HF-H;973;TOTAL;519
HF-H;974;TOTAL;2407
HF-H;976;TOTAL;420
HF-H;11XX;14_19;21
HF-H;11XX;20_24;1777
HF-H;11XX;25_29;8766
HF-H;11XX;30_34;10418
HF-H;11XX;35_39;5597
HF-H;11XX;40_49;4795
HF-H;11XX;50_59;1893
HF-H;11XX;60_PL;836
HF-H;24XX;14_19;4
HF-H;24XX;20_24;312
HF-H;24XX;25_29;1390
HF-H;24XX;30_34;1686
HF-H;24XX;35_39;1115
HF-H;24XX;40_49;1138
HF-H;24XX;50_59;464
HF-H;24XX;60_PL;188
HF-H;27XX;14_19;10
HF-H;27XX;20_24;377
HF-H;27XX;25_29;1656
HF-H;27XX;30_34;1940
HF-H;27XX;35_39;1308
HF-H;27XX;40_49;1177
HF-H;27XX;50_59;522
HF-H;27XX;60_PL;209
HF-H;28XX;14_19;8
HF-H;28XX;20_24;376
HF-H;28XX;25_29;1929
HF-H;28XX;30_34;2629
HF-H;28XX;35_39;1631
HF-H;28XX;40_49;1551
HF-H;28XX;50_59;654
HF-H;28XX;60_PL;250
HF-H;32XX;14_19;14
HF-H;32XX;20_24;802
HF-H;32XX;25_29;3941
HF-H;32XX;30_34;4645
HF-H;32XX;35_39;2789
HF-H;32XX;40_49;2413
HF-H;32XX;50_59;992
HF-H;32XX;60_PL;263
HF-H;44XX;14_19;14
HF-H;44XX;20_24;790
HF-H;44XX;25_29;3731
HF-H;44XX;30_34;4280
HF-H;44XX;35_39;2508
HF-H;44XX;40_49;2140
HF-H;44XX;50_59;970
HF-H;44XX;60_PL;303
HF-H;52XX;14_19;7
HF-H;52XX;20_24;325
HF-H;52XX;25_29;1989
HF-H;52XX;30_34;2880
HF-H;52XX;35_39;1861
HF-H;52XX;40_49;1701
HF-H;52XX;50_59;659
HF-H;52XX;60_PL;229
HF-H;53XX;14_19;6
HF-H;53XX;20_24;275
HF-H;53XX;25_29;1613
HF-H;53XX;30_34;2431
HF-H;53XX;35_39;1530
HF-H;53XX;40_49;1496
HF-H;53XX;50_59;614
HF-H;53XX;60_PL;223
HF-H;75XX;14_19;13
HF-H;75XX;20_24;514
HF-H;75XX;25_29;2783
HF-H;75XX;30_34;4079
HF-H;75XX;35_39;2806
HF-H;75XX;40_49;2845
HF-H;75XX;50_59;1222
HF-H;75XX;60_PL;496
HF-H;76XX;14_19;25
HF-H;76XX;20_24;665
HF-H;76XX;25_29;3140
HF-H;76XX;30_34;3948
HF-H;76XX;35_39;2538
HF-H;76XX;40_49;2570
HF-H;76XX;50_59;1177
HF-H;76XX;60_PL;475
HF-H;84XX;14_19;27
HF-H;84XX;20_24;1255
HF-H;84XX;25_29;5384
HF-H;84XX;30_34;6146
HF-H;84XX;35_39;3735
HF-H;84XX;40_49;3326
HF-H;84XX;50_59;1368
HF-H;84XX;60_PL;538
HF-H;93XX;14_19;11
HF-H;93XX;20_24;645
HF-H;93XX;25_29;3287
HF-H;93XX;30_34;4134
HF-H;93XX;35_39;2432
HF-H;93XX;40_49;2203
HF-H;93XX;50_59;1010
HF-H;93XX;60_PL;410
HF-H;94XX;14_19;0
HF-H;94XX;20_24;27
HF-H;94XX;25_29;139
HF-H;94XX;30_34;276
HF-H;94XX;35_39;166
HF-H;94XX;40_49;178
HF-H;94XX;50_59;86
HF-H;94XX;60_PL;32
HF-H;97XX;14_19;6
HF-H;97XX;20_24;269
HF-H;97XX;25_29;955
HF-H;97XX;30_34;1190
HF-H;97XX;35_39;848
HF-H;97XX;40_49;937
HF-H;97XX;50_59;529
HF-H;97XX;60_PL;205
HF-H;11XX;TOTAL;34103
HF-H;24XX;TOTAL;6297
HF-H;27XX;TOTAL;7199
HF-H;28XX;TOTAL;9028
HF-H;32XX;TOTAL;15859
HF-H;44XX;TOTAL;14736
HF-H;52XX;TOTAL;9651
HF-H;53XX;TOTAL;8188
HF-H;75XX;TOTAL;14758
HF-H;76XX;TOTAL;14538
HF-H;84XX;TOTAL;21779
HF-H;93XX;TOTAL;14132
HF-H;94XX;TOTAL;904
HF-H;97XX;TOTAL;4939
HF-H;FE;14_19;166
HF-H;FE;20_24;8409
HF-H;FE;25_29;40703
HF-H;FE;30_34;50682
HF-H;FE;35_39;30864
HF-H;FE;40_49;28470
HF-H;FE;50_59;12160
HF-H;FE;60_PL;4657
HF-H;FE;TOTAL;176111
HF-H;FM;14_19;160
HF-H;FM;20_24;8140
HF-H;FM;25_29;39748
HF-H;FM;30_34;49492
HF-H;FM;35_39;30016
HF-H;FM;40_49;27533
HF-H;FM;50_59;11631
HF-H;FM;60_PL;4452
HF-H;FM;TOTAL;171172
HH;1175;14_19;1
HH;1175;20_24;28
HH;1175;25_29;85
HH;1175;30_34;131
HH;1175;35_39;106
HH;1175;40_49;233
HH;1175;50_59;191
HH;1175;60_PL;114
HH;1177;14_19;0
HH;1177;20_24;1
HH;1177;25_29;10
HH;1177;30_34;17
HH;1177;35_39;19
HH;1177;40_49;33
HH;1177;50_59;12
HH;1177;60_PL;4
HH;1178;14_19;0
HH;1178;20_24;1
HH;1178;25_29;8
HH;1178;30_34;9
HH;1178;35_39;10
HH;1178;40_49;16
HH;1178;50_59;11
HH;1178;60_PL;6
HH;1191;14_19;0
HH;1191;20_24;3
HH;1191;25_29;6
HH;1191;30_34;12
HH;1191;35_39;9
HH;1191;40_49;20
HH;1191;50_59;9
HH;1191;60_PL;7
HH;1192;14_19;0
HH;1192;20_24;2
HH;1192;25_29;18
HH;1192;30_34;17
HH;1192;35_39;16
HH;1192;40_49;19
HH;1192;50_59;35
HH;1192;60_PL;14
HH;1193;14_19;0
HH;1193;20_24;2
HH;1193;25_29;14
HH;1193;30_34;22
HH;1193;35_39;18
HH;1193;40_49;26
HH;1193;50_59;19
HH;1193;60_PL;10
HH;1194;14_19;0
HH;1194;20_24;7
HH;1194;25_29;9
HH;1194;30_34;24
HH;1194;35_39;12
HH;1194;40_49;18
HH;1194;50_59;23
HH;1194;60_PL;11
HH;1195;14_19;0
HH;1195;20_24;4
HH;1195;25_29;7
HH;1195;30_34;12
HH;1195;35_39;11
HH;1195;40_49;14
HH;1195;50_59;5
HH;1195;60_PL;3
HH;2418;14_19;0
HH;2418;20_24;0
HH;2418;25_29;2
HH;2418;30_34;2
HH;2418;35_39;5
HH;2418;40_49;5
HH;2418;50_59;6
HH;2418;60_PL;4
HH;2428;14_19;0
HH;2428;20_24;3
HH;2428;25_29;6
HH;2428;30_34;8
HH;2428;35_39;9
HH;2428;40_49;12
HH;2428;50_59;5
HH;2428;60_PL;5
HH;2436;14_19;0
HH;2436;20_24;2
HH;2436;25_29;2
HH;2436;30_34;4
HH;2436;35_39;3
HH;2436;40_49;1
HH;2436;50_59;1
HH;2436;60_PL;3
HH;2437;14_19;0
HH;2437;20_24;5
HH;2437;25_29;6
HH;2437;30_34;7
HH;2437;35_39;7
HH;2437;40_49;8
HH;2437;50_59;10
HH;2437;60_PL;7
HH;2441;14_19;0
HH;2441;20_24;1
HH;2441;25_29;5
HH;2441;30_34;3
HH;2441;35_39;6
HH;2441;40_49;8
HH;2441;50_59;4
HH;2441;60_PL;2
HH;2445;14_19;0
HH;2445;20_24;1
HH;2445;25_29;7
HH;2445;30_34;5
HH;2445;35_39;7
HH;2445;40_49;5
HH;2445;50_59;4
HH;2445;60_PL;3
HH;2721;14_19;1
HH;2721;20_24;1
HH;2721;25_29;1
HH;2721;30_34;2
HH;2721;35_39;7
HH;2721;40_49;10
HH;2721;50_59;6
HH;2721;60_PL;4
HH;2725;14_19;0
HH;2725;20_24;0
HH;2725;25_29;2
HH;2725;30_34;6
HH;2725;35_39;5
HH;2725;40_49;3
HH;2725;50_59;3
HH;2725;60_PL;3
HH;2739;14_19;0
HH;2739;20_24;0
HH;2739;25_29;0
HH;2739;30_34;8
HH;2739;35_39;0
HH;2739;40_49;5
HH;2739;50_59;4
HH;2739;60_PL;5
HH;2758;14_19;0
HH;2758;20_24;1
HH;2758;25_29;4
HH;2758;30_34;3
HH;2758;35_39;3
HH;2758;40_49;1
HH;2758;50_59;0
HH;2758;60_PL;2
HH;2770;14_19;0
HH;2770;20_24;2
HH;2770;25_29;1
HH;2770;30_34;1
HH;2770;35_39;1
HH;2770;40_49;2
HH;2770;50_59;2
HH;2770;60_PL;0
HH;2771;14_19;0
HH;2771;20_24;1
HH;2771;25_29;3
HH;2771;30_34;6
HH;2771;35_39;5
HH;2771;40_49;9
HH;2771;50_59;7
HH;2771;60_PL;2
HH;2789;14_19;0
HH;2789;20_24;0
HH;2789;25_29;3
HH;2789;30_34;6
HH;2789;35_39;1
HH;2789;40_49;6
HH;2789;50_59;6
HH;2789;60_PL;1
HH;2790;14_19;0
HH;2790;20_24;0
HH;2790;25_29;0
HH;2790;30_34;4
HH;2790;35_39;4
HH;2790;40_49;4
HH;2790;50_59;5
HH;2790;60_PL;0
HH;2814;14_19;0
HH;2814;20_24;2
HH;2814;25_29;8
HH;2814;30_34;20
HH;2814;35_39;8
HH;2814;40_49;24
HH;2814;50_59;8
HH;2814;60_PL;5
HH;2827;14_19;0
HH;2827;20_24;3
HH;2827;25_29;3
HH;2827;30_34;12
HH;2827;35_39;8
HH;2827;40_49;13
HH;2827;50_59;10
HH;2827;60_PL;1
HH;2850;14_19;0
HH;2850;20_24;1
HH;2850;25_29;3
HH;2850;30_34;3
HH;2850;35_39;2
HH;2850;40_49;5
HH;2850;50_59;6
HH;2850;60_PL;2
HH;2861;14_19;0
HH;2861;20_24;2
HH;2861;25_29;1
HH;2861;30_34;5
HH;2861;35_39;6
HH;2861;40_49;6
HH;2861;50_59;6
HH;2861;60_PL;3
HH;2876;14_19;0
HH;2876;20_24;2
HH;2876;25_29;15
HH;2876;30_34;23
HH;2876;35_39;17
HH;2876;40_49;29
HH;2876;50_59;8
HH;2876;60_PL;4
HH;3202;14_19;0
HH;3202;20_24;1
HH;3202;25_29;2
HH;3202;30_34;5
HH;3202;35_39;6
HH;3202;40_49;5
HH;3202;50_59;2
HH;3202;60_PL;0
HH;3259;14_19;0
HH;3259;20_24;2
HH;3259;25_29;35
HH;3259;30_34;51
HH;3259;35_39;27
HH;3259;40_49;47
HH;3259;50_59;27
HH;3259;60_PL;12
HH;3260;14_19;0
HH;3260;20_24;1
HH;3260;25_29;6
HH;3260;30_34;11
HH;3260;35_39;11
HH;3260;40_49;11
HH;3260;50_59;9
HH;3260;60_PL;2
HH;3262;14_19;0
HH;3262;20_24;3
HH;3262;25_29;16
HH;3262;30_34;18
HH;3262;35_39;17
HH;3262;40_49;20
HH;3262;50_59;15
HH;3262;60_PL;7
HH;3280;14_19;0
HH;3280;20_24;2
HH;3280;25_29;13
HH;3280;30_34;7
HH;3280;35_39;7
HH;3280;40_49;14
HH;3280;50_59;4
HH;3280;60_PL;1
HH;4408;14_19;0
HH;4408;20_24;0
HH;4408;25_29;1
HH;4408;30_34;5
HH;4408;35_39;2
HH;4408;40_49;0
HH;4408;50_59;1
HH;4408;60_PL;1
HH;4410;14_19;0
HH;4410;20_24;2
HH;4410;25_29;6
HH;4410;30_34;1
HH;4410;35_39;1
HH;4410;40_49;3
HH;4410;50_59;1
HH;4410;60_PL;1
HH;4451;14_19;0
HH;4451;20_24;1
HH;4451;25_29;4
HH;4451;30_34;7
HH;4451;35_39;8
HH;4451;40_49;4
HH;4451;50_59;5
HH;4451;60_PL;2
HH;4452;14_19;0
HH;4452;20_24;0
HH;4452;25_29;0
HH;4452;30_34;0
HH;4452;35_39;0
HH;4452;40_49;2
HH;4452;50_59;0
HH;4452;60_PL;0
HH;4454;14_19;0
HH;4454;20_24;1
HH;4454;25_29;10
HH;4454;30_34;13
HH;4454;35_39;13
HH;4454;40_49;10
HH;4454;50_59;9
HH;4454;60_PL;5
HH;4455;14_19;0
HH;4455;20_24;1
HH;4455;25_29;4
HH;4455;30_34;4
HH;4455;35_39;4
HH;4455;40_49;2
HH;4455;50_59;0
HH;4455;60_PL;0
HH;4457;14_19;0
HH;4457;20_24;3
HH;4457;25_29;12
HH;4457;30_34;15
HH;4457;35_39;14
HH;4457;40_49;11
HH;4457;50_59;15
HH;4457;60_PL;6
HH;4467;14_19;0
HH;4467;20_24;2
HH;4467;25_29;10
HH;4467;30_34;23
HH;4467;35_39;8
HH;4467;40_49;13
HH;4467;50_59;10
HH;4467;60_PL;8
HH;4468;14_19;0
HH;4468;20_24;1
HH;4468;25_29;3
HH;4468;30_34;9
HH;4468;35_39;5
HH;4468;40_49;11
HH;4468;50_59;8
HH;4468;60_PL;2
HH;4488;14_19;0
HH;4488;20_24;1
HH;4488;25_29;2
HH;4488;30_34;4
HH;4488;35_39;5
HH;4488;40_49;2
HH;4488;50_59;1
HH;4488;60_PL;2
HH;5244;14_19;0
HH;5244;20_24;4
HH;5244;25_29;17
HH;5244;30_34;24
HH;5244;35_39;24
HH;5244;40_49;25
HH;5244;50_59;33
HH;5244;60_PL;8
HH;5249;14_19;0
HH;5249;20_24;3
HH;5249;25_29;4
HH;5249;30_34;12
HH;5249;35_39;14
HH;5249;40_49;14
HH;5249;50_59;7
HH;5249;60_PL;4
HH;5253;14_19;0
HH;5253;20_24;0
HH;5253;25_29;1
HH;5253;30_34;1
HH;5253;35_39;1
HH;5253;40_49;5
HH;5253;50_59;1
HH;5253;60_PL;0
HH;5272;14_19;0
HH;5272;20_24;2
HH;5272;25_29;0
HH;5272;30_34;5
HH;5272;35_39;13
HH;5272;40_49;18
HH;5272;50_59;10
HH;5272;60_PL;3
HH;5285;14_19;0
HH;5285;20_24;0
HH;5285;25_29;10
HH;5285;30_34;4
HH;5285;35_39;6
HH;5285;40_49;12
HH;5285;50_59;7
HH;5285;60_PL;5
HH;5322;14_19;0
HH;5322;20_24;0
HH;5322;25_29;7
HH;5322;30_34;1
HH;5322;35_39;3
HH;5322;40_49;6
HH;5322;50_59;7
HH;5322;60_PL;1
HH;5329;14_19;0
HH;5329;20_24;1
HH;5329;25_29;6
HH;5329;30_34;11
HH;5329;35_39;9
HH;5329;40_49;12
HH;5329;50_59;11
HH;5329;60_PL;9
HH;5335;14_19;0
HH;5335;20_24;1
HH;5335;25_29;8
HH;5335;30_34;8
HH;5335;35_39;11
HH;5335;40_49;20
HH;5335;50_59;18
HH;5335;60_PL;3
HH;5356;14_19;0
HH;5356;20_24;0
HH;5356;25_29;10
HH;5356;30_34;12
HH;5356;35_39;6
HH;5356;40_49;7
HH;5356;50_59;1
HH;5356;60_PL;5
HH;7516;14_19;0
HH;7516;20_24;4
HH;7516;25_29;4
HH;7516;30_34;8
HH;7516;35_39;9
HH;7516;40_49;7
HH;7516;50_59;9
HH;7516;60_PL;4
HH;7517;14_19;0
HH;7517;20_24;3
HH;7517;25_29;5
HH;7517;30_34;7
HH;7517;35_39;9
HH;7517;40_49;15
HH;7517;50_59;12
HH;7517;60_PL;6
HH;7519;14_19;0
HH;7519;20_24;0
HH;7519;25_29;1
HH;7519;30_34;6
HH;7519;35_39;4
HH;7519;40_49;8
HH;7519;50_59;2
HH;7519;60_PL;0
HH;7523;14_19;0
HH;7523;20_24;0
HH;7523;25_29;0
HH;7523;30_34;2
HH;7523;35_39;1
HH;7523;40_49;1
HH;7523;50_59;1
HH;7523;60_PL;1
HH;7524;14_19;0
HH;7524;20_24;0
HH;7524;25_29;4
HH;7524;30_34;7
HH;7524;35_39;9
HH;7524;40_49;5
HH;7524;50_59;6
HH;7524;60_PL;7
HH;7533;14_19;0
HH;7533;20_24;9
HH;7533;25_29;20
HH;7533;30_34;29
HH;7533;35_39;14
HH;7533;40_49;47
HH;7533;50_59;32
HH;7533;60_PL;12
HH;7540;14_19;0
HH;7540;20_24;1
HH;7540;25_29;4
HH;7540;30_34;7
HH;7540;35_39;2
HH;7540;40_49;6
HH;7540;50_59;9
HH;7540;60_PL;4
HH;7547;14_19;0
HH;7547;20_24;1
HH;7547;25_29;3
HH;7547;30_34;1
HH;7547;35_39;1
HH;7547;40_49;2
HH;7547;50_59;3
HH;7547;60_PL;1
HH;7564;14_19;0
HH;7564;20_24;1
HH;7564;25_29;6
HH;7564;30_34;6
HH;7564;35_39;8
HH;7564;40_49;16
HH;7564;50_59;14
HH;7564;60_PL;7
HH;7579;14_19;0
HH;7579;20_24;2
HH;7579;25_29;1
HH;7579;30_34;8
HH;7579;35_39;4
HH;7579;40_49;6
HH;7579;50_59;4
HH;7579;60_PL;1
HH;7586;14_19;0
HH;7586;20_24;0
HH;7586;25_29;4
HH;7586;30_34;5
HH;7586;35_39;2
HH;7586;40_49;6
HH;7586;50_59;5
HH;7586;60_PL;1
HH;7587;14_19;0
HH;7587;20_24;0
HH;7587;25_29;2
HH;7587;30_34;4
HH;7587;35_39;1
HH;7587;40_49;15
HH;7587;50_59;4
HH;7587;60_PL;1
HH;7609;14_19;0
HH;7609;20_24;0
HH;7609;25_29;0
HH;7609;30_34;2
HH;7609;35_39;0
HH;7609;40_49;1
HH;7609;50_59;0
HH;7609;60_PL;0
HH;7611;14_19;0
HH;7611;20_24;1
HH;7611;25_29;6
HH;7611;30_34;4
HH;7611;35_39;4
HH;7611;40_49;11
HH;7611;50_59;6
HH;7611;60_PL;8
HH;7612;14_19;0
HH;7612;20_24;2
HH;7612;25_29;1
HH;7612;30_34;1
HH;7612;35_39;0
HH;7612;40_49;3
HH;7612;50_59;1
HH;7612;60_PL;2
HH;7630;14_19;0
HH;7630;20_24;2
HH;7630;25_29;9
HH;7630;30_34;7
HH;7630;35_39;9
HH;7630;40_49;14
HH;7630;50_59;17
HH;7630;60_PL;8
HH;7631;14_19;0
HH;7631;20_24;3
HH;7631;25_29;9
HH;7631;30_34;19
HH;7631;35_39;14
HH;7631;40_49;29
HH;7631;50_59;26
HH;7631;60_PL;9
HH;7632;14_19;0
HH;7632;20_24;0
HH;7632;25_29;3
HH;7632;30_34;1
HH;7632;35_39;0
HH;7632;40_49;2
HH;7632;50_59;6
HH;7632;60_PL;0
HH;7634;14_19;0
HH;7634;20_24;7
HH;7634;25_29;9
HH;7634;30_34;24
HH;7634;35_39;15
HH;7634;40_49;33
HH;7634;50_59;36
HH;7634;60_PL;12
HH;7646;14_19;0
HH;7646;20_24;0
HH;7646;25_29;0
HH;7646;30_34;0
HH;7646;35_39;1
HH;7646;40_49;1
HH;7646;50_59;0
HH;7646;60_PL;0
HH;7648;14_19;0
HH;7648;20_24;0
HH;7648;25_29;0
HH;7648;30_34;4
HH;7648;35_39;2
HH;7648;40_49;1
HH;7648;50_59;3
HH;7648;60_PL;1
HH;7665;14_19;0
HH;7665;20_24;0
HH;7665;25_29;1
HH;7665;30_34;4
HH;7665;35_39;6
HH;7665;40_49;1
HH;7665;50_59;4
HH;7665;60_PL;3
HH;7666;14_19;0
HH;7666;20_24;0
HH;7666;25_29;0
HH;7666;30_34;5
HH;7666;35_39;6
HH;7666;40_49;10
HH;7666;50_59;16
HH;7666;60_PL;9
HH;7681;14_19;0
HH;7681;20_24;1
HH;7681;25_29;1
HH;7681;30_34;4
HH;7681;35_39;7
HH;7681;40_49;8
HH;7681;50_59;5
HH;7681;60_PL;3
HH;7682;14_19;0
HH;7682;20_24;1
HH;7682;25_29;1
HH;7682;30_34;4
HH;7682;35_39;1
HH;7682;40_49;0
HH;7682;50_59;1
HH;7682;60_PL;1
HH;8401;14_19;0
HH;8401;20_24;4
HH;8401;25_29;5
HH;8401;30_34;10
HH;8401;35_39;15
HH;8401;40_49;8
HH;8401;50_59;7
HH;8401;60_PL;3
HH;8403;14_19;0
HH;8403;20_24;2
HH;8403;25_29;5
HH;8403;30_34;7
HH;8403;35_39;8
HH;8403;40_49;0
HH;8403;50_59;1
HH;8403;60_PL;1
HH;8407;14_19;0
HH;8407;20_24;0
HH;8407;25_29;2
HH;8407;30_34;2
HH;8407;35_39;2
HH;8407;40_49;5
HH;8407;50_59;3
HH;8407;60_PL;6
HH;8415;14_19;0
HH;8415;20_24;0
HH;8415;25_29;3
HH;8415;30_34;0
HH;8415;35_39;1
HH;8415;40_49;0
HH;8415;50_59;0
HH;8415;60_PL;0
HH;8426;14_19;0
HH;8426;20_24;0
HH;8426;25_29;6
HH;8426;30_34;17
HH;8426;35_39;5
HH;8426;40_49;8
HH;8426;50_59;2
HH;8426;60_PL;1
HH;8438;14_19;0
HH;8438;20_24;1
HH;8438;25_29;10
HH;8438;30_34;9
HH;8438;35_39;15
HH;8438;40_49;19
HH;8438;50_59;10
HH;8438;60_PL;3
HH;8442;14_19;0
HH;8442;20_24;3
HH;8442;25_29;4
HH;8442;30_34;11
HH;8442;35_39;8
HH;8442;40_49;12
HH;8442;50_59;7
HH;8442;60_PL;2
HH;8443;14_19;0
HH;8443;20_24;0
HH;8443;25_29;2
HH;8443;30_34;1
HH;8443;35_39;2
HH;8443;40_49;1
HH;8443;50_59;0
HH;8443;60_PL;0
HH;8463;14_19;0
HH;8463;20_24;2
HH;8463;25_29;8
HH;8463;30_34;7
HH;8463;35_39;3
HH;8463;40_49;9
HH;8463;50_59;8
HH;8463;60_PL;4
HH;8469;14_19;0
HH;8469;20_24;8
HH;8469;25_29;23
HH;8469;30_34;46
HH;8469;35_39;33
HH;8469;40_49;43
HH;8469;50_59;30
HH;8469;60_PL;26
HH;8473;14_19;0
HH;8473;20_24;0
HH;8473;25_29;4
HH;8473;30_34;7
HH;8473;35_39;9
HH;8473;40_49;9
HH;8473;50_59;4
HH;8473;60_PL;0
HH;8474;14_19;0
HH;8474;20_24;2
HH;8474;25_29;10
HH;8474;30_34;12
HH;8474;35_39;10
HH;8474;40_49;14
HH;8474;50_59;12
HH;8474;60_PL;6
HH;9304;14_19;0
HH;9304;20_24;0
HH;9304;25_29;0
HH;9304;30_34;1
HH;9304;35_39;1
HH;9304;40_49;1
HH;9304;50_59;4
HH;9304;60_PL;3
HH;9305;14_19;0
HH;9305;20_24;0
HH;9305;25_29;1
HH;9305;30_34;9
HH;9305;35_39;4
HH;9305;40_49;1
HH;9305;50_59;2
HH;9305;60_PL;0
HH;9306;14_19;0
HH;9306;20_24;2
HH;9306;25_29;15
HH;9306;30_34;22
HH;9306;35_39;24
HH;9306;40_49;24
HH;9306;50_59;38
HH;9306;60_PL;21
HH;9313;14_19;0
HH;9313;20_24;4
HH;9313;25_29;16
HH;9313;30_34;20
HH;9313;35_39;20
HH;9313;40_49;37
HH;9313;50_59;37
HH;9313;60_PL;17
HH;9383;14_19;0
HH;9383;20_24;1
HH;9383;25_29;7
HH;9383;30_34;7
HH;9383;35_39;15
HH;9383;40_49;19
HH;9383;50_59;20
HH;9383;60_PL;16
HH;9384;14_19;0
HH;9384;20_24;1
HH;9384;25_29;10
HH;9384;30_34;9
HH;9384;35_39;14
HH;9384;40_49;13
HH;9384;50_59;10
HH;9384;60_PL;9
HH;942A;14_19;1
HH;942A;20_24;0
HH;942A;25_29;1
HH;942A;30_34;4
HH;942A;35_39;0
HH;942A;40_49;0
HH;942A;50_59;4
HH;942A;60_PL;2
HH;942B;14_19;0
HH;942B;20_24;0
HH;942B;25_29;2
HH;942B;30_34;1
HH;942B;35_39;2
HH;942B;40_49;3
HH;942B;50_59;1
HH;942B;60_PL;1
HH;971;14_19;0
HH;971;20_24;1
HH;971;25_29;1
HH;971;30_34;0
HH;971;35_39;1
HH;971;40_49;1
HH;971;50_59;3
HH;971;60_PL;0
HH;972;14_19;0
HH;972;20_24;0
HH;972;25_29;0
HH;972;30_34;0
HH;972;35_39;0
HH;972;40_49;2
HH;972;50_59;1
HH;972;60_PL;0
HH;973;14_19;0
HH;973;20_24;0
HH;973;25_29;0
HH;973;30_34;0
HH;973;35_39;0
HH;973;40_49;0
HH;973;50_59;1
HH;973;60_PL;0
HH;974;14_19;0
HH;974;20_24;2
HH;974;25_29;8
HH;974;30_34;4
HH;974;35_39;2
HH;974;40_49;6
HH;974;50_59;7
HH;974;60_PL;1
HH;976;14_19;0
HH;976;20_24;0
HH;976;25_29;0
HH;976;30_34;0
HH;976;35_39;0
HH;976;40_49;0
HH;976;50_59;0
HH;976;60_PL;0
HH;1175;TOTAL;889
HH;1177;TOTAL;96
HH;1178;TOTAL;61
HH;1191;TOTAL;66
HH;1192;TOTAL;121
HH;1193;TOTAL;111
HH;1194;TOTAL;104
HH;1195;TOTAL;56
HH;2418;TOTAL;24
HH;2428;TOTAL;48
HH;2436;TOTAL;16
HH;2437;TOTAL;50
HH;2441;TOTAL;29
HH;2445;TOTAL;32
HH;2721;TOTAL;32
HH;2725;TOTAL;22
HH;2739;TOTAL;22
HH;2758;TOTAL;14
HH;2770;TOTAL;9
HH;2771;TOTAL;33
HH;2789;TOTAL;23
HH;2790;TOTAL;17
HH;2814;TOTAL;75
HH;2827;TOTAL;50
HH;2850;TOTAL;22
HH;2861;TOTAL;29
HH;2876;TOTAL;98
HH;3202;TOTAL;21
HH;3259;TOTAL;201
HH;3260;TOTAL;51
HH;3262;TOTAL;96
HH;3280;TOTAL;48
HH;4408;TOTAL;10
HH;4410;TOTAL;15
HH;4451;TOTAL;31
HH;4452;TOTAL;2
HH;4454;TOTAL;61
HH;4455;TOTAL;15
HH;4457;TOTAL;76
HH;4467;TOTAL;74
HH;4468;TOTAL;39
HH;4488;TOTAL;17
HH;5244;TOTAL;135
HH;5249;TOTAL;58
HH;5253;TOTAL;9
HH;5272;TOTAL;51
HH;5285;TOTAL;44
HH;5322;TOTAL;25
HH;5329;TOTAL;59
HH;5335;TOTAL;69
HH;5356;TOTAL;41
HH;7516;TOTAL;45
HH;7517;TOTAL;57
HH;7519;TOTAL;21
HH;7523;TOTAL;6
HH;7524;TOTAL;38
HH;7533;TOTAL;163
HH;7540;TOTAL;33
HH;7547;TOTAL;12
HH;7564;TOTAL;58
HH;7579;TOTAL;26
HH;7586;TOTAL;23
HH;7587;TOTAL;27
HH;7609;TOTAL;3
HH;7611;TOTAL;40
HH;7612;TOTAL;10
HH;7630;TOTAL;66
HH;7631;TOTAL;109
HH;7632;TOTAL;12
HH;7634;TOTAL;136
HH;7646;TOTAL;2
HH;7648;TOTAL;11
HH;7665;TOTAL;19
HH;7666;TOTAL;46
HH;7681;TOTAL;29
HH;7682;TOTAL;9
HH;8401;TOTAL;52
HH;8403;TOTAL;24
HH;8407;TOTAL;20
HH;8415;TOTAL;4
HH;8426;TOTAL;39
HH;8438;TOTAL;67
HH;8442;TOTAL;47
HH;8443;TOTAL;6
HH;8463;TOTAL;41
HH;8469;TOTAL;209
HH;8473;TOTAL;33
HH;8474;TOTAL;66
HH;9304;TOTAL;10
HH;9305;TOTAL;17
HH;9306;TOTAL;146
HH;9313;TOTAL;151
HH;9383;TOTAL;85
HH;9384;TOTAL;66
HH;942A;TOTAL;12
HH;942B;TOTAL;10
HH;971;TOTAL;7
HH;972;TOTAL;3
HH;973;TOTAL;1
HH;974;TOTAL;30
HH;976;TOTAL;0
HH;11XX;14_19;1
HH;11XX;20_24;48
HH;11XX;25_29;157
HH;11XX;30_34;244
HH;11XX;35_39;201
HH;11XX;40_49;379
HH;11XX;50_59;305
HH;11XX;60_PL;169
HH;24XX;14_19;0
HH;24XX;20_24;12
HH;24XX;25_29;28
HH;24XX;30_34;29
HH;24XX;35_39;37
HH;24XX;40_49;39
HH;24XX;50_59;30
HH;24XX;60_PL;24
HH;27XX;14_19;1
HH;27XX;20_24;5
HH;27XX;25_29;14
HH;27XX;30_34;36
HH;27XX;35_39;26
HH;27XX;40_49;40
HH;27XX;50_59;33
HH;27XX;60_PL;17
HH;28XX;14_19;0
HH;28XX;20_24;10
HH;28XX;25_29;30
HH;28XX;30_34;63
HH;28XX;35_39;41
HH;28XX;40_49;77
HH;28XX;50_59;38
HH;28XX;60_PL;15
HH;32XX;14_19;0
HH;32XX;20_24;9
HH;32XX;25_29;72
HH;32XX;30_34;92
HH;32XX;35_39;68
HH;32XX;40_49;97
HH;32XX;50_59;57
HH;32XX;60_PL;22
HH;44XX;14_19;0
HH;44XX;20_24;12
HH;44XX;25_29;52
HH;44XX;30_34;81
HH;44XX;35_39;60
HH;44XX;40_49;58
HH;44XX;50_59;50
HH;44XX;60_PL;27
HH;52XX;14_19;0
HH;52XX;20_24;9
HH;52XX;25_29;32
HH;52XX;30_34;46
HH;52XX;35_39;58
HH;52XX;40_49;74
HH;52XX;50_59;58
HH;52XX;60_PL;20
HH;53XX;14_19;0
HH;53XX;20_24;2
HH;53XX;25_29;31
HH;53XX;30_34;32
HH;53XX;35_39;29
HH;53XX;40_49;45
HH;53XX;50_59;37
HH;53XX;60_PL;18
HH;75XX;14_19;0
HH;75XX;20_24;21
HH;75XX;25_29;54
HH;75XX;30_34;90
HH;75XX;35_39;64
HH;75XX;40_49;134
HH;75XX;50_59;101
HH;75XX;60_PL;45
HH;76XX;14_19;0
HH;76XX;20_24;17
HH;76XX;25_29;40
HH;76XX;30_34;79
HH;76XX;35_39;65
HH;76XX;40_49;114
HH;76XX;50_59;121
HH;76XX;60_PL;56
HH;84XX;14_19;0
HH;84XX;20_24;22
HH;84XX;25_29;82
HH;84XX;30_34;129
HH;84XX;35_39;111
HH;84XX;40_49;128
HH;84XX;50_59;84
HH;84XX;60_PL;52
HH;93XX;14_19;0
HH;93XX;20_24;8
HH;93XX;25_29;49
HH;93XX;30_34;68
HH;93XX;35_39;78
HH;93XX;40_49;95
HH;93XX;50_59;111
HH;93XX;60_PL;66
HH;94XX;14_19;1
HH;94XX;20_24;0
HH;94XX;25_29;3
HH;94XX;30_34;5
HH;94XX;35_39;2
HH;94XX;40_49;3
HH;94XX;50_59;5
HH;94XX;60_PL;3
HH;97XX;14_19;0
HH;97XX;20_24;3
HH;97XX;25_29;9
HH;97XX;30_34;4
HH;97XX;35_39;3
HH;97XX;40_49;9
HH;97XX;50_59;12
HH;97XX;60_PL;1
HH;11XX;TOTAL;1504
HH;24XX;TOTAL;199
HH;27XX;TOTAL;172
HH;28XX;TOTAL;274
HH;32XX;TOTAL;417
HH;44XX;TOTAL;340
HH;52XX;TOTAL;297
HH;53XX;TOTAL;194
HH;75XX;TOTAL;509
HH;76XX;TOTAL;492
HH;84XX;TOTAL;608
HH;93XX;TOTAL;475
HH;94XX;TOTAL;22
HH;97XX;TOTAL;41
HH;FE;14_19;3
HH;FE;20_24;178
HH;FE;25_29;653
HH;FE;30_34;998
HH;FE;35_39;843
HH;FE;40_49;1292
HH;FE;50_59;1042
HH;FE;60_PL;535
HH;FE;TOTAL;5544
HH;FM;14_19;3
HH;FM;20_24;175
HH;FM;25_29;644
HH;FM;30_34;994
HH;FM;35_39;840
HH;FM;40_49;1283
HH;FM;50_59;1030
HH;FM;60_PL;534
HH;FM;TOTAL;5503
FF;1175;14_19;0
FF;1175;20_24;5
FF;1175;25_29;47
FF;1175;30_34;91
FF;1175;35_39;73
FF;1175;40_49;68
FF;1175;50_59;37
FF;1175;60_PL;28
FF;1177;14_19;0
FF;1177;20_24;5
FF;1177;25_29;16
FF;1177;30_34;21
FF;1177;35_39;22
FF;1177;40_49;9
FF;1177;50_59;5
FF;1177;60_PL;3
FF;1178;14_19;0
FF;1178;20_24;1
FF;1178;25_29;10
FF;1178;30_34;27
FF;1178;35_39;18
FF;1178;40_49;7
FF;1178;50_59;5
FF;1178;60_PL;3
FF;1191;14_19;0
FF;1191;20_24;2
FF;1191;25_29;14
FF;1191;30_34;25
FF;1191;35_39;19
FF;1191;40_49;9
FF;1191;50_59;11
FF;1191;60_PL;6
FF;1192;14_19;0
FF;1192;20_24;0
FF;1192;25_29;9
FF;1192;30_34;26
FF;1192;35_39;9
FF;1192;40_49;19
FF;1192;50_59;11
FF;1192;60_PL;7
FF;1193;14_19;0
FF;1193;20_24;6
FF;1193;25_29;11
FF;1193;30_34;14
FF;1193;35_39;9
FF;1193;40_49;13
FF;1193;50_59;8
FF;1193;60_PL;7
FF;1194;14_19;0
FF;1194;20_24;3
FF;1194;25_29;12
FF;1194;30_34;33
FF;1194;35_39;20
FF;1194;40_49;25
FF;1194;50_59;15
FF;1194;60_PL;7
FF;1195;14_19;0
FF;1195;20_24;3
FF;1195;25_29;7
FF;1195;30_34;14
FF;1195;35_39;10
FF;1195;40_49;5
FF;1195;50_59;3
FF;1195;60_PL;1
FF;2418;14_19;0
FF;2418;20_24;4
FF;2418;25_29;2
FF;2418;30_34;5
FF;2418;35_39;3
FF;2418;40_49;1
FF;2418;50_59;2
FF;2418;60_PL;1
FF;2428;14_19;0
FF;2428;20_24;2
FF;2428;25_29;7
FF;2428;30_34;5
FF;2428;35_39;3
FF;2428;40_49;6
FF;2428;50_59;6
FF;2428;60_PL;0
FF;2436;14_19;0
FF;2436;20_24;2
FF;2436;25_29;2
FF;2436;30_34;0
FF;2436;35_39;4
FF;2436;40_49;0
FF;2436;50_59;0
FF;2436;60_PL;0
FF;2437;14_19;0
FF;2437;20_24;2
FF;2437;25_29;11
FF;2437;30_34;12
FF;2437;35_39;9
FF;2437;40_49;6
FF;2437;50_59;2
FF;2437;60_PL;0
FF;2441;14_19;0
FF;2441;20_24;0
FF;2441;25_29;9
FF;2441;30_34;7
FF;2441;35_39;8
FF;2441;40_49;3
FF;2441;50_59;2
FF;2441;60_PL;0
FF;2445;14_19;0
FF;2445;20_24;0
FF;2445;25_29;14
FF;2445;30_34;11
FF;2445;35_39;13
FF;2445;40_49;5
FF;2445;50_59;8
FF;2445;60_PL;2
FF;2721;14_19;0
FF;2721;20_24;4
FF;2721;25_29;18
FF;2721;30_34;17
FF;2721;35_39;15
FF;2721;40_49;2
FF;2721;50_59;5
FF;2721;60_PL;2
FF;2725;14_19;0
FF;2725;20_24;2
FF;2725;25_29;12
FF;2725;30_34;13
FF;2725;35_39;5
FF;2725;40_49;8
FF;2725;50_59;3
FF;2725;60_PL;2
FF;2739;14_19;0
FF;2739;20_24;0
FF;2739;25_29;4
FF;2739;30_34;9
FF;2739;35_39;5
FF;2739;40_49;1
FF;2739;50_59;1
FF;2739;60_PL;0
FF;2758;14_19;0
FF;2758;20_24;0
FF;2758;25_29;5
FF;2758;30_34;3
FF;2758;35_39;0
FF;2758;40_49;2
FF;2758;50_59;4
FF;2758;60_PL;2
FF;2770;14_19;0
FF;2770;20_24;2
FF;2770;25_29;5
FF;2770;30_34;4
FF;2770;35_39;3
FF;2770;40_49;1
FF;2770;50_59;3
FF;2770;60_PL;2
FF;2771;14_19;0
FF;2771;20_24;5
FF;2771;25_29;16
FF;2771;30_34;15
FF;2771;35_39;9
FF;2771;40_49;12
FF;2771;50_59;4
FF;2771;60_PL;0
FF;2789;14_19;0
FF;2789;20_24;1
FF;2789;25_29;6
FF;2789;30_34;11
FF;2789;35_39;6
FF;2789;40_49;5
FF;2789;50_59;9
FF;2789;60_PL;8
FF;2790;14_19;0
FF;2790;20_24;0
FF;2790;25_29;6
FF;2790;30_34;4
FF;2790;35_39;2
FF;2790;40_49;0
FF;2790;50_59;0
FF;2790;60_PL;0
FF;2814;14_19;0
FF;2814;20_24;9
FF;2814;25_29;16
FF;2814;30_34;21
FF;2814;35_39;9
FF;2814;40_49;13
FF;2814;50_59;3
FF;2814;60_PL;7
FF;2827;14_19;0
FF;2827;20_24;3
FF;2827;25_29;20
FF;2827;30_34;14
FF;2827;35_39;10
FF;2827;40_49;10
FF;2827;50_59;0
FF;2827;60_PL;2
FF;2850;14_19;0
FF;2850;20_24;3
FF;2850;25_29;5
FF;2850;30_34;7
FF;2850;35_39;5
FF;2850;40_49;4
FF;2850;50_59;4
FF;2850;60_PL;8
FF;2861;14_19;0
FF;2861;20_24;2
FF;2861;25_29;8
FF;2861;30_34;8
FF;2861;35_39;2
FF;2861;40_49;5
FF;2861;50_59;4
FF;2861;60_PL;4
FF;2876;14_19;0
FF;2876;20_24;10
FF;2876;25_29;33
FF;2876;30_34;41
FF;2876;35_39;18
FF;2876;40_49;28
FF;2876;50_59;11
FF;2876;60_PL;6
FF;3202;14_19;0
FF;3202;20_24;1
FF;3202;25_29;10
FF;3202;30_34;11
FF;3202;35_39;6
FF;3202;40_49;6
FF;3202;50_59;2
FF;3202;60_PL;1
FF;3259;14_19;3
FF;3259;20_24;16
FF;3259;25_29;62
FF;3259;30_34;70
FF;3259;35_39;40
FF;3259;40_49;36
FF;3259;50_59;8
FF;3259;60_PL;6
FF;3260;14_19;0
FF;3260;20_24;1
FF;3260;25_29;7
FF;3260;30_34;9
FF;3260;35_39;5
FF;3260;40_49;21
FF;3260;50_59;1
FF;3260;60_PL;3
FF;3262;14_19;2
FF;3262;20_24;17
FF;3262;25_29;27
FF;3262;30_34;48
FF;3262;35_39;21
FF;3262;40_49;19
FF;3262;50_59;5
FF;3262;60_PL;7
FF;3280;14_19;0
FF;3280;20_24;6
FF;3280;25_29;9
FF;3280;30_34;7
FF;3280;35_39;7
FF;3280;40_49;2
FF;3280;50_59;3
FF;3280;60_PL;1
FF;4408;14_19;0
FF;4408;20_24;7
FF;4408;25_29;4
FF;4408;30_34;6
FF;4408;35_39;1
FF;4408;40_49;3
FF;4408;50_59;0
FF;4408;60_PL;0
FF;4410;14_19;0
FF;4410;20_24;0
FF;4410;25_29;5
FF;4410;30_34;3
FF;4410;35_39;3
FF;4410;40_49;3
FF;4410;50_59;0
FF;4410;60_PL;0
FF;4451;14_19;0
FF;4451;20_24;0
FF;4451;25_29;9
FF;4451;30_34;5
FF;4451;35_39;7
FF;4451;40_49;4
FF;4451;50_59;4
FF;4451;60_PL;2
FF;4452;14_19;0
FF;4452;20_24;2
FF;4452;25_29;1
FF;4452;30_34;3
FF;4452;35_39;1
FF;4452;40_49;5
FF;4452;50_59;1
FF;4452;60_PL;0
FF;4454;14_19;0
FF;4454;20_24;2
FF;4454;25_29;9
FF;4454;30_34;8
FF;4454;35_39;8
FF;4454;40_49;15
FF;4454;50_59;6
FF;4454;60_PL;1
FF;4455;14_19;0
FF;4455;20_24;1
FF;4455;25_29;6
FF;4455;30_34;8
FF;4455;35_39;4
FF;4455;40_49;2
FF;4455;50_59;2
FF;4455;60_PL;0
FF;4457;14_19;0
FF;4457;20_24;6
FF;4457;25_29;19
FF;4457;30_34;20
FF;4457;35_39;21
FF;4457;40_49;22
FF;4457;50_59;1
FF;4457;60_PL;1
FF;4467;14_19;0
FF;4467;20_24;6
FF;4467;25_29;18
FF;4467;30_34;16
FF;4467;35_39;16
FF;4467;40_49;9
FF;4467;50_59;9
FF;4467;60_PL;1
FF;4468;14_19;1
FF;4468;20_24;4
FF;4468;25_29;9
FF;4468;30_34;11
FF;4468;35_39;6
FF;4468;40_49;7
FF;4468;50_59;4
FF;4468;60_PL;1
FF;4488;14_19;0
FF;4488;20_24;2
FF;4488;25_29;9
FF;4488;30_34;4
FF;4488;35_39;7
FF;4488;40_49;3
FF;4488;50_59;0
FF;4488;60_PL;0
FF;5244;14_19;0
FF;5244;20_24;5
FF;5244;25_29;32
FF;5244;30_34;41
FF;5244;35_39;27
FF;5244;40_49;20
FF;5244;50_59;17
FF;5244;60_PL;8
FF;5249;14_19;1
FF;5249;20_24;9
FF;5249;25_29;23
FF;5249;30_34;21
FF;5249;35_39;16
FF;5249;40_49;17
FF;5249;50_59;12
FF;5249;60_PL;7
FF;5253;14_19;0
FF;5253;20_24;3
FF;5253;25_29;4
FF;5253;30_34;11
FF;5253;35_39;2
FF;5253;40_49;0
FF;5253;50_59;3
FF;5253;60_PL;0
FF;5272;14_19;0
FF;5272;20_24;5
FF;5272;25_29;12
FF;5272;30_34;8
FF;5272;35_39;5
FF;5272;40_49;5
FF;5272;50_59;4
FF;5272;60_PL;3
FF;5285;14_19;0
FF;5285;20_24;2
FF;5285;25_29;8
FF;5285;30_34;13
FF;5285;35_39;5
FF;5285;40_49;13
FF;5285;50_59;3
FF;5285;60_PL;1
FF;5322;14_19;0
FF;5322;20_24;3
FF;5322;25_29;8
FF;5322;30_34;8
FF;5322;35_39;4
FF;5322;40_49;5
FF;5322;50_59;2
FF;5322;60_PL;2
FF;5329;14_19;0
FF;5329;20_24;2
FF;5329;25_29;14
FF;5329;30_34;14
FF;5329;35_39;13
FF;5329;40_49;18
FF;5329;50_59;17
FF;5329;60_PL;6
FF;5335;14_19;0
FF;5335;20_24;7
FF;5335;25_29;18
FF;5335;30_34;21
FF;5335;35_39;17
FF;5335;40_49;8
FF;5335;50_59;9
FF;5335;60_PL;2
FF;5356;14_19;1
FF;5356;20_24;3
FF;5356;25_29;9
FF;5356;30_34;19
FF;5356;35_39;6
FF;5356;40_49;13
FF;5356;50_59;10
FF;5356;60_PL;2
FF;7516;14_19;0
FF;7516;20_24;2
FF;7516;25_29;9
FF;7516;30_34;7
FF;7516;35_39;4
FF;7516;40_49;4
FF;7516;50_59;3
FF;7516;60_PL;0
FF;7517;14_19;0
FF;7517;20_24;4
FF;7517;25_29;20
FF;7517;30_34;15
FF;7517;35_39;11
FF;7517;40_49;16
FF;7517;50_59;13
FF;7517;60_PL;12
FF;7519;14_19;0
FF;7519;20_24;2
FF;7519;25_29;6
FF;7519;30_34;4
FF;7519;35_39;3
FF;7519;40_49;1
FF;7519;50_59;2
FF;7519;60_PL;2
FF;7523;14_19;0
FF;7523;20_24;0
FF;7523;25_29;2
FF;7523;30_34;4
FF;7523;35_39;1
FF;7523;40_49;0
FF;7523;50_59;2
FF;7523;60_PL;1
FF;7524;14_19;1
FF;7524;20_24;1
FF;7524;25_29;6
FF;7524;30_34;9
FF;7524;35_39;4
FF;7524;40_49;2
FF;7524;50_59;2
FF;7524;60_PL;0
FF;7533;14_19;1
FF;7533;20_24;6
FF;7533;25_29;43
FF;7533;30_34;63
FF;7533;35_39;46
FF;7533;40_49;44
FF;7533;50_59;17
FF;7533;60_PL;7
FF;7540;14_19;0
FF;7540;20_24;1
FF;7540;25_29;7
FF;7540;30_34;11
FF;7540;35_39;8
FF;7540;40_49;4
FF;7540;50_59;3
FF;7540;60_PL;0
FF;7547;14_19;0
FF;7547;20_24;1
FF;7547;25_29;14
FF;7547;30_34;5
FF;7547;35_39;3
FF;7547;40_49;9
FF;7547;50_59;1
FF;7547;60_PL;2
FF;7564;14_19;0
FF;7564;20_24;7
FF;7564;25_29;8
FF;7564;30_34;18
FF;7564;35_39;9
FF;7564;40_49;10
FF;7564;50_59;11
FF;7564;60_PL;1
FF;7579;14_19;0
FF;7579;20_24;2
FF;7579;25_29;10
FF;7579;30_34;7
FF;7579;35_39;6
FF;7579;40_49;6
FF;7579;50_59;6
FF;7579;60_PL;3
FF;7586;14_19;0
FF;7586;20_24;3
FF;7586;25_29;12
FF;7586;30_34;11
FF;7586;35_39;6
FF;7586;40_49;7
FF;7586;50_59;7
FF;7586;60_PL;3
FF;7587;14_19;0
FF;7587;20_24;1
FF;7587;25_29;9
FF;7587;30_34;5
FF;7587;35_39;6
FF;7587;40_49;5
FF;7587;50_59;2
FF;7587;60_PL;2
FF;7609;14_19;0
FF;7609;20_24;0
FF;7609;25_29;1
FF;7609;30_34;3
FF;7609;35_39;5
FF;7609;40_49;2
FF;7609;50_59;0
FF;7609;60_PL;3
FF;7611;14_19;0
FF;7611;20_24;0
FF;7611;25_29;6
FF;7611;30_34;15
FF;7611;35_39;3
FF;7611;40_49;4
FF;7611;50_59;7
FF;7611;60_PL;6
FF;7612;14_19;0
FF;7612;20_24;2
FF;7612;25_29;3
FF;7612;30_34;6
FF;7612;35_39;1
FF;7612;40_49;4
FF;7612;50_59;0
FF;7612;60_PL;0
FF;7630;14_19;0
FF;7630;20_24;5
FF;7630;25_29;24
FF;7630;30_34;14
FF;7630;35_39;8
FF;7630;40_49;14
FF;7630;50_59;10
FF;7630;60_PL;11
FF;7631;14_19;0
FF;7631;20_24;7
FF;7631;25_29;17
FF;7631;30_34;32
FF;7631;35_39;29
FF;7631;40_49;22
FF;7631;50_59;6
FF;7631;60_PL;5
FF;7632;14_19;0
FF;7632;20_24;0
FF;7632;25_29;0
FF;7632;30_34;0
FF;7632;35_39;1
FF;7632;40_49;3
FF;7632;50_59;6
FF;7632;60_PL;0
FF;7634;14_19;0
FF;7634;20_24;6
FF;7634;25_29;31
FF;7634;30_34;38
FF;7634;35_39;30
FF;7634;40_49;23
FF;7634;50_59;12
FF;7634;60_PL;3
FF;7646;14_19;0
FF;7646;20_24;1
FF;7646;25_29;7
FF;7646;30_34;1
FF;7646;35_39;1
FF;7646;40_49;2
FF;7646;50_59;1
FF;7646;60_PL;1
FF;7648;14_19;0
FF;7648;20_24;0
FF;7648;25_29;0
FF;7648;30_34;0
FF;7648;35_39;0
FF;7648;40_49;0
FF;7648;50_59;0
FF;7648;60_PL;0
FF;7665;14_19;0
FF;7665;20_24;0
FF;7665;25_29;6
FF;7665;30_34;0
FF;7665;35_39;2
FF;7665;40_49;2
FF;7665;50_59;4
FF;7665;60_PL;1
FF;7666;14_19;0
FF;7666;20_24;1
FF;7666;25_29;13
FF;7666;30_34;11
FF;7666;35_39;11
FF;7666;40_49;10
FF;7666;50_59;10
FF;7666;60_PL;1
FF;7681;14_19;0
FF;7681;20_24;1
FF;7681;25_29;5
FF;7681;30_34;9
FF;7681;35_39;5
FF;7681;40_49;0
FF;7681;50_59;3
FF;7681;60_PL;3
FF;7682;14_19;0
FF;7682;20_24;4
FF;7682;25_29;8
FF;7682;30_34;3
FF;7682;35_39;2
FF;7682;40_49;2
FF;7682;50_59;1
FF;7682;60_PL;0
FF;8401;14_19;0
FF;8401;20_24;4
FF;8401;25_29;11
FF;8401;30_34;21
FF;8401;35_39;11
FF;8401;40_49;14
FF;8401;50_59;2
FF;8401;60_PL;2
FF;8403;14_19;0
FF;8403;20_24;0
FF;8403;25_29;6
FF;8403;30_34;8
FF;8403;35_39;4
FF;8403;40_49;3
FF;8403;50_59;2
FF;8403;60_PL;2
FF;8407;14_19;0
FF;8407;20_24;0
FF;8407;25_29;9
FF;8407;30_34;12
FF;8407;35_39;6
FF;8407;40_49;5
FF;8407;50_59;7
FF;8407;60_PL;1
FF;8415;14_19;0
FF;8415;20_24;0
FF;8415;25_29;1
FF;8415;30_34;3
FF;8415;35_39;1
FF;8415;40_49;0
FF;8415;50_59;0
FF;8415;60_PL;1
FF;8426;14_19;0
FF;8426;20_24;8
FF;8426;25_29;19
FF;8426;30_34;9
FF;8426;35_39;7
FF;8426;40_49;15
FF;8426;50_59;8
FF;8426;60_PL;6
FF;8438;14_19;0
FF;8438;20_24;6
FF;8438;25_29;18
FF;8438;30_34;21
FF;8438;35_39;14
FF;8438;40_49;17
FF;8438;50_59;5
FF;8438;60_PL;5
FF;8442;14_19;0
FF;8442;20_24;3
FF;8442;25_29;18
FF;8442;30_34;15
FF;8442;35_39;9
FF;8442;40_49;12
FF;8442;50_59;9
FF;8442;60_PL;0
FF;8443;14_19;0
FF;8443;20_24;3
FF;8443;25_29;2
FF;8443;30_34;6
FF;8443;35_39;3
FF;8443;40_49;4
FF;8443;50_59;3
FF;8443;60_PL;0
FF;8463;14_19;0
FF;8463;20_24;2
FF;8463;25_29;9
FF;8463;30_34;9
FF;8463;35_39;11
FF;8463;40_49;7
FF;8463;50_59;5
FF;8463;60_PL;2
FF;8469;14_19;1
FF;8469;20_24;6
FF;8469;25_29;37
FF;8469;30_34;58
FF;8469;35_39;27
FF;8469;40_49;36
FF;8469;50_59;17
FF;8469;60_PL;7
FF;8473;14_19;0
FF;8473;20_24;1
FF;8473;25_29;4
FF;8473;30_34;11
FF;8473;35_39;10
FF;8473;40_49;7
FF;8473;50_59;3
FF;8473;60_PL;4
FF;8474;14_19;0
FF;8474;20_24;2
FF;8474;25_29;24
FF;8474;30_34;21
FF;8474;35_39;9
FF;8474;40_49;11
FF;8474;50_59;6
FF;8474;60_PL;2
FF;9304;14_19;0
FF;9304;20_24;1
FF;9304;25_29;3
FF;9304;30_34;2
FF;9304;35_39;2
FF;9304;40_49;2
FF;9304;50_59;0
FF;9304;60_PL;0
FF;9305;14_19;0
FF;9305;20_24;0
FF;9305;25_29;4
FF;9305;30_34;3
FF;9305;35_39;1
FF;9305;40_49;0
FF;9305;50_59;1
FF;9305;60_PL;3
FF;9306;14_19;0
FF;9306;20_24;5
FF;9306;25_29;16
FF;9306;30_34;23
FF;9306;35_39;21
FF;9306;40_49;17
FF;9306;50_59;6
FF;9306;60_PL;5
FF;9313;14_19;0
FF;9313;20_24;18
FF;9313;25_29;35
FF;9313;30_34;56
FF;9313;35_39;25
FF;9313;40_49;24
FF;9313;50_59;18
FF;9313;60_PL;13
FF;9383;14_19;0
FF;9383;20_24;3
FF;9383;25_29;26
FF;9383;30_34;26
FF;9383;35_39;17
FF;9383;40_49;12
FF;9383;50_59;3
FF;9383;60_PL;11
FF;9384;14_19;0
FF;9384;20_24;3
FF;9384;25_29;18
FF;9384;30_34;20
FF;9384;35_39;13
FF;9384;40_49;7
FF;9384;50_59;6
FF;9384;60_PL;4
FF;942A;14_19;0
FF;942A;20_24;1
FF;942A;25_29;2
FF;942A;30_34;3
FF;942A;35_39;2
FF;942A;40_49;1
FF;942A;50_59;1
FF;942A;60_PL;1
FF;942B;14_19;0
FF;942B;20_24;0
FF;942B;25_29;1
FF;942B;30_34;1
FF;942B;35_39;1
FF;942B;40_49;1
FF;942B;50_59;0
FF;942B;60_PL;0
FF;971;14_19;0
FF;971;20_24;0
FF;971;25_29;0
FF;971;30_34;0
FF;971;35_39;0
FF;971;40_49;0
FF;971;50_59;0
FF;971;60_PL;0
FF;972;14_19;0
FF;972;20_24;0
FF;972;25_29;0
FF;972;30_34;3
FF;972;35_39;1
FF;972;40_49;2
FF;972;50_59;0
FF;972;60_PL;0
FF;973;14_19;0
FF;973;20_24;0
FF;973;25_29;0
FF;973;30_34;1
FF;973;35_39;1
FF;973;40_49;0
FF;973;50_59;0
FF;973;60_PL;0
FF;974;14_19;0
FF;974;20_24;4
FF;974;25_29;8
FF;974;30_34;9
FF;974;35_39;8
FF;974;40_49;9
FF;974;50_59;7
FF;974;60_PL;0
FF;976;14_19;0
FF;976;20_24;0
FF;976;25_29;0
FF;976;30_34;0
FF;976;35_39;0
FF;976;40_49;0
FF;976;50_59;0
FF;976;60_PL;0
FF;1175;TOTAL;349
FF;1177;TOTAL;81
FF;1178;TOTAL;71
FF;1191;TOTAL;86
FF;1192;TOTAL;81
FF;1193;TOTAL;68
FF;1194;TOTAL;115
FF;1195;TOTAL;43
FF;2418;TOTAL;18
FF;2428;TOTAL;29
FF;2436;TOTAL;8
FF;2437;TOTAL;42
FF;2441;TOTAL;29
FF;2445;TOTAL;53
FF;2721;TOTAL;63
FF;2725;TOTAL;45
FF;2739;TOTAL;20
FF;2758;TOTAL;16
FF;2770;TOTAL;20
FF;2771;TOTAL;61
FF;2789;TOTAL;46
FF;2790;TOTAL;12
FF;2814;TOTAL;78
FF;2827;TOTAL;59
FF;2850;TOTAL;36
FF;2861;TOTAL;33
FF;2876;TOTAL;147
FF;3202;TOTAL;37
FF;3259;TOTAL;241
FF;3260;TOTAL;47
FF;3262;TOTAL;146
FF;3280;TOTAL;35
FF;4408;TOTAL;21
FF;4410;TOTAL;14
FF;4451;TOTAL;31
FF;4452;TOTAL;13
FF;4454;TOTAL;49
FF;4455;TOTAL;23
FF;4457;TOTAL;90
FF;4467;TOTAL;75
FF;4468;TOTAL;43
FF;4488;TOTAL;25
FF;5244;TOTAL;150
FF;5249;TOTAL;106
FF;5253;TOTAL;23
FF;5272;TOTAL;42
FF;5285;TOTAL;45
FF;5322;TOTAL;32
FF;5329;TOTAL;84
FF;5335;TOTAL;82
FF;5356;TOTAL;63
FF;7516;TOTAL;29
FF;7517;TOTAL;91
FF;7519;TOTAL;20
FF;7523;TOTAL;10
FF;7524;TOTAL;25
FF;7533;TOTAL;227
FF;7540;TOTAL;34
FF;7547;TOTAL;35
FF;7564;TOTAL;64
FF;7579;TOTAL;40
FF;7586;TOTAL;49
FF;7587;TOTAL;30
FF;7609;TOTAL;14
FF;7611;TOTAL;41
FF;7612;TOTAL;16
FF;7630;TOTAL;86
FF;7631;TOTAL;118
FF;7632;TOTAL;10
FF;7634;TOTAL;143
FF;7646;TOTAL;14
FF;7648;TOTAL;0
FF;7665;TOTAL;15
FF;7666;TOTAL;57
FF;7681;TOTAL;26
FF;7682;TOTAL;20
FF;8401;TOTAL;65
FF;8403;TOTAL;25
FF;8407;TOTAL;40
FF;8415;TOTAL;6
FF;8426;TOTAL;72
FF;8438;TOTAL;86
FF;8442;TOTAL;66
FF;8443;TOTAL;21
FF;8463;TOTAL;45
FF;8469;TOTAL;189
FF;8473;TOTAL;40
FF;8474;TOTAL;75
FF;9304;TOTAL;10
FF;9305;TOTAL;12
FF;9306;TOTAL;93
FF;9313;TOTAL;189
FF;9383;TOTAL;98
FF;9384;TOTAL;71
FF;942A;TOTAL;11
FF;942B;TOTAL;4
FF;971;TOTAL;0
FF;972;TOTAL;6
FF;973;TOTAL;2
FF;974;TOTAL;45
FF;976;TOTAL;0
FF;11XX;14_19;0
FF;11XX;20_24;25
FF;11XX;25_29;126
FF;11XX;30_34;251
FF;11XX;35_39;180
FF;11XX;40_49;155
FF;11XX;50_59;95
FF;11XX;60_PL;62
FF;24XX;14_19;0
FF;24XX;20_24;10
FF;24XX;25_29;45
FF;24XX;30_34;40
FF;24XX;35_39;40
FF;24XX;40_49;21
FF;24XX;50_59;20
FF;24XX;60_PL;3
FF;27XX;14_19;0
FF;27XX;20_24;14
FF;27XX;25_29;72
FF;27XX;30_34;76
FF;27XX;35_39;45
FF;27XX;40_49;31
FF;27XX;50_59;29
FF;27XX;60_PL;16
FF;28XX;14_19;0
FF;28XX;20_24;27
FF;28XX;25_29;82
FF;28XX;30_34;91
FF;28XX;35_39;44
FF;28XX;40_49;60
FF;28XX;50_59;22
FF;28XX;60_PL;27
FF;32XX;14_19;5
FF;32XX;20_24;41
FF;32XX;25_29;115
FF;32XX;30_34;145
FF;32XX;35_39;79
FF;32XX;40_49;84
FF;32XX;50_59;19
FF;32XX;60_PL;18
FF;44XX;14_19;1
FF;44XX;20_24;30
FF;44XX;25_29;89
FF;44XX;30_34;84
FF;44XX;35_39;74
FF;44XX;40_49;73
FF;44XX;50_59;27
FF;44XX;60_PL;6
FF;52XX;14_19;1
FF;52XX;20_24;24
FF;52XX;25_29;79
FF;52XX;30_34;94
FF;52XX;35_39;55
FF;52XX;40_49;55
FF;52XX;50_59;39
FF;52XX;60_PL;19
FF;53XX;14_19;1
FF;53XX;20_24;15
FF;53XX;25_29;49
FF;53XX;30_34;62
FF;53XX;35_39;40
FF;53XX;40_49;44
FF;53XX;50_59;38
FF;53XX;60_PL;12
FF;75XX;14_19;2
FF;75XX;20_24;30
FF;75XX;25_29;146
FF;75XX;30_34;159
FF;75XX;35_39;107
FF;75XX;40_49;108
FF;75XX;50_59;69
FF;75XX;60_PL;33
FF;76XX;14_19;0
FF;76XX;20_24;27
FF;76XX;25_29;121
FF;76XX;30_34;132
FF;76XX;35_39;98
FF;76XX;40_49;88
FF;76XX;50_59;60
FF;76XX;60_PL;34
FF;84XX;14_19;1
FF;84XX;20_24;35
FF;84XX;25_29;158
FF;84XX;30_34;194
FF;84XX;35_39;112
FF;84XX;40_49;131
FF;84XX;50_59;67
FF;84XX;60_PL;32
FF;93XX;14_19;0
FF;93XX;20_24;30
FF;93XX;25_29;102
FF;93XX;30_34;130
FF;93XX;35_39;79
FF;93XX;40_49;62
FF;93XX;50_59;34
FF;93XX;60_PL;36
FF;94XX;14_19;0
FF;94XX;20_24;1
FF;94XX;25_29;3
FF;94XX;30_34;4
FF;94XX;35_39;3
FF;94XX;40_49;2
FF;94XX;50_59;1
FF;94XX;60_PL;1
FF;97XX;14_19;0
FF;97XX;20_24;4
FF;97XX;25_29;8
FF;97XX;30_34;13
FF;97XX;35_39;10
FF;97XX;40_49;11
FF;97XX;50_59;7
FF;97XX;60_PL;0
FF;11XX;TOTAL;894
FF;24XX;TOTAL;179
FF;27XX;TOTAL;283
FF;28XX;TOTAL;353
FF;32XX;TOTAL;506
FF;44XX;TOTAL;384
FF;52XX;TOTAL;366
FF;53XX;TOTAL;261
FF;75XX;TOTAL;654
FF;76XX;TOTAL;560
FF;84XX;TOTAL;730
FF;93XX;TOTAL;473
FF;94XX;TOTAL;15
FF;97XX;TOTAL;53
FF;FE;14_19;11
FF;FE;20_24;313
FF;FE;25_29;1195
FF;FE;30_34;1475
FF;FE;35_39;966
FF;FE;40_49;925
FF;FE;50_59;527
FF;FE;60_PL;299
FF;FE;TOTAL;5711
FF;FM;14_19;11
FF;FM;20_24;309
FF;FM;25_29;1187
FF;FM;30_34;1462
FF;FM;35_39;956
FF;FM;40_49;914
FF;FM;50_59;520
FF;FM;60_PL;299
FF;FM;TOTAL;5658
